configuration,round,workload,target,histogram,total_qps,op_qps,count,failed,avg_us,p50_us,p95_us,p99_us,p999_us,p9999_us,max_us,label,sha256,binary_sha256
16-worker historical,1,C,100000,READ,99804.38340851931,99804.38340851931,5000000,0,326.9815468,313,427,502,1050,2999,10463,hash-direct-read-r1-direct,8abf5f99dda0f2af1e06e15767bcb7d5bf834ca4c3cd93acdd46e9c390efbfde,bdccd7093b0bb745d29c347e1e610ba5023392b8da994adf9270c5c5f1391ac1
16-worker historical,1,C,100000,Intended-READ,99804.38340851931,99804.38340851931,5000000,0,391.6039002,371,487,572,1777,20495,56287,hash-direct-read-r1-direct,8abf5f99dda0f2af1e06e15767bcb7d5bf834ca4c3cd93acdd46e9c390efbfde,bdccd7093b0bb745d29c347e1e610ba5023392b8da994adf9270c5c5f1391ac1
16-worker historical,1,C,0,READ,453144.8250860975,453144.8250860975,5000000,0,516.3066394,488,691,1256,3653,8051,80191,hash-direct-read-r1-direct,4ea47cbec25eafb2067719f3d3e2a04532ffa69ac2a9f0b8b4eb408f651313ea,bdccd7093b0bb745d29c347e1e610ba5023392b8da994adf9270c5c5f1391ac1
16-worker historical,1,C,0,Intended-READ,453144.8250860975,453144.8250860975,5000000,0,516.3417146,488,691,1256,3653,8051,80191,hash-direct-read-r1-direct,4ea47cbec25eafb2067719f3d3e2a04532ffa69ac2a9f0b8b4eb408f651313ea,bdccd7093b0bb745d29c347e1e610ba5023392b8da994adf9270c5c5f1391ac1
16-worker historical,2,C,100000,READ,99824.30921578023,99824.30921578023,5000000,0,328.5961874,316,421,483,974,2667,25359,hash-direct-read-r2-direct,f48ab28c636e2d7eb1ae853b5c024e0c60df608b6d24b23f09fa06f84db8dcc4,bdccd7093b0bb745d29c347e1e610ba5023392b8da994adf9270c5c5f1391ac1
16-worker historical,2,C,100000,Intended-READ,99824.30921578023,99824.30921578023,5000000,0,398.4257882,374,481,552,1652,32063,56511,hash-direct-read-r2-direct,f48ab28c636e2d7eb1ae853b5c024e0c60df608b6d24b23f09fa06f84db8dcc4,bdccd7093b0bb745d29c347e1e610ba5023392b8da994adf9270c5c5f1391ac1
16-worker historical,2,C,0,READ,457289.18968355586,457289.18968355586,5000000,0,513.978164,489,687,1125,3551,7479,53951,hash-direct-read-r2-direct,340ac2e885eb470b7bd6399dd2e81c88c6318e6e2d027ed25d0e7dde42404dc4,bdccd7093b0bb745d29c347e1e610ba5023392b8da994adf9270c5c5f1391ac1
16-worker historical,2,C,0,Intended-READ,457289.18968355586,457289.18968355586,5000000,0,514.0132952,489,687,1125,3551,7479,53951,hash-direct-read-r2-direct,340ac2e885eb470b7bd6399dd2e81c88c6318e6e2d027ed25d0e7dde42404dc4,bdccd7093b0bb745d29c347e1e610ba5023392b8da994adf9270c5c5f1391ac1
16-worker historical,3,C,100000,READ,99758.58422617266,99758.58422617266,5000000,0,336.5212958,323,439,521,994,2659,35135,hash-direct-read-r3-direct,63faa21bdc62304e93e9e55b50315682c36da84a6b7ffa6443ae9c3f4c509378,bdccd7093b0bb745d29c347e1e610ba5023392b8da994adf9270c5c5f1391ac1
16-worker historical,3,C,100000,Intended-READ,99758.58422617266,99758.58422617266,5000000,0,419.8812182,381,499,594,3315,50175,80511,hash-direct-read-r3-direct,63faa21bdc62304e93e9e55b50315682c36da84a6b7ffa6443ae9c3f4c509378,bdccd7093b0bb745d29c347e1e610ba5023392b8da994adf9270c5c5f1391ac1
16-worker historical,3,C,0,READ,456746.1404951128,456746.1404951128,5000000,0,514.6109254,489,691,1169,3335,9303,37791,hash-direct-read-r3-direct,49e5fd02df508794c565adf4ccb0f06fede21ce3da01b610132e10a3a7cba810,bdccd7093b0bb745d29c347e1e610ba5023392b8da994adf9270c5c5f1391ac1
16-worker historical,3,C,0,Intended-READ,456746.1404951128,456746.1404951128,5000000,0,514.6459244,489,691,1169,3335,9303,37791,hash-direct-read-r3-direct,49e5fd02df508794c565adf4ccb0f06fede21ce3da01b610132e10a3a7cba810,bdccd7093b0bb745d29c347e1e610ba5023392b8da994adf9270c5c5f1391ac1
16-worker historical,1,A,100000,READ,99830.2885095338,49937.68593391235,2501129,0,354.5639045407094,316,418,767,4919,49311,252415,hash-direct-reserve-r1-reserve,d1b345a13d61d79e0ec7bdf6bb99115984f57eb3d989a17c07ad33711b2941b5,b529e11762978bd958e08d565b16eea9e150e0bb75c605f9337c01ca5831878f
16-worker historical,1,A,100000,Intended-READ,99830.2885095338,49937.68593391235,2501129,0,608.2651142743937,375,485,3719,43679,70079,252415,hash-direct-reserve-r1-reserve,d1b345a13d61d79e0ec7bdf6bb99115984f57eb3d989a17c07ad33711b2941b5,b529e11762978bd958e08d565b16eea9e150e0bb75c605f9337c01ca5831878f
16-worker historical,1,A,100000,UPDATE,99830.2885095338,49892.602575621444,2498871,0,368.9583671986269,328,436,837,4939,49983,203519,hash-direct-reserve-r1-reserve,d1b345a13d61d79e0ec7bdf6bb99115984f57eb3d989a17c07ad33711b2941b5,b529e11762978bd958e08d565b16eea9e150e0bb75c605f9337c01ca5831878f
16-worker historical,1,A,100000,Intended-UPDATE,99830.2885095338,49892.602575621444,2498871,0,622.1440814671906,387,503,3823,43711,69567,242943,hash-direct-reserve-r1-reserve,d1b345a13d61d79e0ec7bdf6bb99115984f57eb3d989a17c07ad33711b2941b5,b529e11762978bd958e08d565b16eea9e150e0bb75c605f9337c01ca5831878f
16-worker historical,1,A,0,READ,369439.92906753364,184738.14097827693,2500246,0,632.2122303165369,557,934,2803,6547,11559,46527,hash-direct-reserve-r1-reserve,267e32814d4555feb71b9df6150e9556a4a8b53dbe30267c5bbbbb9094a4de8d,b529e11762978bd958e08d565b16eea9e150e0bb75c605f9337c01ca5831878f
16-worker historical,1,A,0,Intended-READ,369439.92906753364,184738.14097827693,2500246,0,632.2452154707977,557,934,2803,6547,11559,46527,hash-direct-reserve-r1-reserve,267e32814d4555feb71b9df6150e9556a4a8b53dbe30267c5bbbbb9094a4de8d,b529e11762978bd958e08d565b16eea9e150e0bb75c605f9337c01ca5831878f
16-worker historical,1,A,0,UPDATE,369439.92906753364,184701.78808925668,2499754,0,649.2436667768109,571,960,2837,6611,11935,45919,hash-direct-reserve-r1-reserve,267e32814d4555feb71b9df6150e9556a4a8b53dbe30267c5bbbbb9094a4de8d,b529e11762978bd958e08d565b16eea9e150e0bb75c605f9337c01ca5831878f
16-worker historical,1,A,0,Intended-UPDATE,369439.92906753364,184701.78808925668,2499754,0,649.2778969450594,571,960,2837,6611,11935,45919,hash-direct-reserve-r1-reserve,267e32814d4555feb71b9df6150e9556a4a8b53dbe30267c5bbbbb9094a4de8d,b529e11762978bd958e08d565b16eea9e150e0bb75c605f9337c01ca5831878f
16-worker historical,2,A,100000,READ,99748.63344372182,49885.90751306707,2500581,0,337.8331623730645,315,408,677,3809,7207,27967,hash-direct-reserve-r2-reserve,cb792df98ab279c7e8e51384d95824029876aee3fbadb2d70dd2199e2a947156,b529e11762978bd958e08d565b16eea9e150e0bb75c605f9337c01ca5831878f
16-worker historical,2,A,100000,Intended-READ,99748.63344372182,49885.90751306707,2500581,0,434.661027177284,373,471,1150,9231,54495,80319,hash-direct-reserve-r2-reserve,cb792df98ab279c7e8e51384d95824029876aee3fbadb2d70dd2199e2a947156,b529e11762978bd958e08d565b16eea9e150e0bb75c605f9337c01ca5831878f
16-worker historical,2,A,100000,UPDATE,99748.63344372182,49862.72593065475,2499419,0,352.87659932168236,327,424,784,4021,7483,28879,hash-direct-reserve-r2-reserve,cb792df98ab279c7e8e51384d95824029876aee3fbadb2d70dd2199e2a947156,b529e11762978bd958e08d565b16eea9e150e0bb75c605f9337c01ca5831878f
16-worker historical,2,A,100000,Intended-UPDATE,99748.63344372182,49862.72593065475,2499419,0,450.21690040765475,386,487,1203,9943,57375,84351,hash-direct-reserve-r2-reserve,cb792df98ab279c7e8e51384d95824029876aee3fbadb2d70dd2199e2a947156,b529e11762978bd958e08d565b16eea9e150e0bb75c605f9337c01ca5831878f
16-worker historical,2,A,0,READ,371333.0857779428,185595.09840326774,2499038,0,635.5632847519726,554,955,2801,6815,13527,44927,hash-direct-reserve-r2-reserve,9555a8d80bd5895e6cc5ce2d891d660f7060d2917e33f521d9975aed89d39585,b529e11762978bd958e08d565b16eea9e150e0bb75c605f9337c01ca5831878f
16-worker historical,2,A,0,Intended-READ,371333.0857779428,185595.09840326774,2499038,0,635.5966884056985,554,955,2801,6815,13527,44927,hash-direct-reserve-r2-reserve,9555a8d80bd5895e6cc5ce2d891d660f7060d2917e33f521d9975aed89d39585,b529e11762978bd958e08d565b16eea9e150e0bb75c605f9337c01ca5831878f
16-worker historical,2,A,0,UPDATE,371333.0857779428,185737.98737467508,2500962,0,657.2655798048911,570,997,2901,6907,16943,45535,hash-direct-reserve-r2-reserve,9555a8d80bd5895e6cc5ce2d891d660f7060d2917e33f521d9975aed89d39585,b529e11762978bd958e08d565b16eea9e150e0bb75c605f9337c01ca5831878f
16-worker historical,2,A,0,Intended-UPDATE,371333.0857779428,185737.98737467508,2500962,0,657.2989053812094,570,997,2901,6907,16943,45535,hash-direct-reserve-r2-reserve,9555a8d80bd5895e6cc5ce2d891d660f7060d2917e33f521d9975aed89d39585,b529e11762978bd958e08d565b16eea9e150e0bb75c605f9337c01ca5831878f
16-worker historical,3,A,100000,READ,99736.69512487034,49863.32083300088,2499748,0,336.2932775623783,314,408,626,3839,7163,23711,hash-direct-reserve-r3-reserve,a7d3459a19f055f477b7240143bd7426b74d27422df924f3e86d2ff555f3d4e0,b529e11762978bd958e08d565b16eea9e150e0bb75c605f9337c01ca5831878f
16-worker historical,3,A,100000,Intended-READ,99736.69512487034,49863.32083300088,2499748,0,444.6597565034555,373,471,1123,16255,65247,105343,hash-direct-reserve-r3-reserve,a7d3459a19f055f477b7240143bd7426b74d27422df924f3e86d2ff555f3d4e0,b529e11762978bd958e08d565b16eea9e150e0bb75c605f9337c01ca5831878f
16-worker historical,3,A,100000,UPDATE,99736.69512487034,49873.37429186946,2500252,0,350.1073291812185,327,425,686,3873,7447,31007,hash-direct-reserve-r3-reserve,a7d3459a19f055f477b7240143bd7426b74d27422df924f3e86d2ff555f3d4e0,b529e11762978bd958e08d565b16eea9e150e0bb75c605f9337c01ca5831878f
16-worker historical,3,A,100000,Intended-UPDATE,99736.69512487034,49873.37429186946,2500252,0,460.5985480663549,385,487,1151,18767,68031,106751,hash-direct-reserve-r3-reserve,a7d3459a19f055f477b7240143bd7426b74d27422df924f3e86d2ff555f3d4e0,b529e11762978bd958e08d565b16eea9e150e0bb75c605f9337c01ca5831878f
16-worker historical,3,A,0,READ,366649.5563540368,183394.44159272566,2500950,0,634.818400607769,553,955,2977,6803,15431,46431,hash-direct-reserve-r3-reserve,272f7da37b37af111aa32e72765e692a4e8a4c3c04265a05bbc8faf17cd3fa6c,b529e11762978bd958e08d565b16eea9e150e0bb75c605f9337c01ca5831878f
16-worker historical,3,A,0,Intended-READ,366649.5563540368,183394.44159272566,2500950,0,634.8590179731702,553,955,2977,6803,15431,46431,hash-direct-reserve-r3-reserve,272f7da37b37af111aa32e72765e692a4e8a4c3c04265a05bbc8faf17cd3fa6c,b529e11762978bd958e08d565b16eea9e150e0bb75c605f9337c01ca5831878f
16-worker historical,3,A,0,UPDATE,366649.5563540368,183255.11476131112,2499050,0,655.3953506332406,568,992,3087,6883,15927,121983,hash-direct-reserve-r3-reserve,272f7da37b37af111aa32e72765e692a4e8a4c3c04265a05bbc8faf17cd3fa6c,b529e11762978bd958e08d565b16eea9e150e0bb75c605f9337c01ca5831878f
16-worker historical,3,A,0,Intended-UPDATE,366649.5563540368,183255.11476131112,2499050,0,655.4287545267201,568,992,3087,6883,15927,121983,hash-direct-reserve-r3-reserve,272f7da37b37af111aa32e72765e692a4e8a4c3c04265a05bbc8faf17cd3fa6c,b529e11762978bd958e08d565b16eea9e150e0bb75c605f9337c01ca5831878f
12-worker clean reload,1,C,100000,READ,99738.68464622689,99738.68464622689,5000000,0,315.2050796,301,405,465,1006,2553,16703,cpu12-r1,8c7cc99a26227e5d0f9fd991233e82bf0c0eb33977ff038138172fe8e1375540,8ded8812356d872eabb05bcd0ff828dcf8185771c50ef1d3b566d5d48403ab1d
12-worker clean reload,1,C,100000,Intended-READ,99738.68464622689,99738.68464622689,5000000,0,388.3648574,360,466,534,1977,41887,88255,cpu12-r1,8c7cc99a26227e5d0f9fd991233e82bf0c0eb33977ff038138172fe8e1375540,8ded8812356d872eabb05bcd0ff828dcf8185771c50ef1d3b566d5d48403ab1d
12-worker clean reload,1,C,0,READ,452120.44488651777,452120.44488651777,5000000,0,497.3104842,456,729,1274,4071,16231,71039,cpu12-r1,9847b7030592915f10939714500de951417f453356b020e467007f2df621b22a,8ded8812356d872eabb05bcd0ff828dcf8185771c50ef1d3b566d5d48403ab1d
12-worker clean reload,1,C,0,Intended-READ,452120.44488651777,452120.44488651777,5000000,0,497.3465398,456,729,1274,4071,16231,71039,cpu12-r1,9847b7030592915f10939714500de951417f453356b020e467007f2df621b22a,8ded8812356d872eabb05bcd0ff828dcf8185771c50ef1d3b566d5d48403ab1d
12-worker clean reload,1,A,100000,READ,99844.24298094971,49915.372019649345,2499662,0,311.846604060869,296,377,475,2773,4667,9887,cpu12-r1,c089da69357fb640d80f4cd51b2738089abe2a078a0a5faed4459723cb94d303,8ded8812356d872eabb05bcd0ff828dcf8185771c50ef1d3b566d5d48403ab1d
12-worker clean reload,1,A,100000,Intended-READ,99844.24298094971,49915.372019649345,2499662,0,391.0125044906071,355,439,802,3925,45151,74047,cpu12-r1,c089da69357fb640d80f4cd51b2738089abe2a078a0a5faed4459723cb94d303,8ded8812356d872eabb05bcd0ff828dcf8185771c50ef1d3b566d5d48403ab1d
12-worker clean reload,1,A,100000,UPDATE,99844.24298094971,49928.870961300374,2500338,0,319.64555672073135,303,387,502,2793,4675,10815,cpu12-r1,c089da69357fb640d80f4cd51b2738089abe2a078a0a5faed4459723cb94d303,8ded8812356d872eabb05bcd0ff828dcf8185771c50ef1d3b566d5d48403ab1d
12-worker clean reload,1,A,100000,Intended-UPDATE,99844.24298094971,49928.870961300374,2500338,0,398.5479111224162,362,449,831,3945,43359,74879,cpu12-r1,c089da69357fb640d80f4cd51b2738089abe2a078a0a5faed4459723cb94d303,8ded8812356d872eabb05bcd0ff828dcf8185771c50ef1d3b566d5d48403ab1d
12-worker clean reload,1,A,0,READ,401316.3175214704,200688.41801107634,2500377,0,586.6141905800605,509,819,3353,6115,13487,75263,cpu12-r1,454521d862bb0354023e95192653664098043d005775bebbabb7119155fab6b2,8ded8812356d872eabb05bcd0ff828dcf8185771c50ef1d3b566d5d48403ab1d
12-worker clean reload,1,A,0,Intended-READ,401316.3175214704,200688.41801107634,2500377,0,586.6481722556239,509,819,3353,6115,13487,75263,cpu12-r1,454521d862bb0354023e95192653664098043d005775bebbabb7119155fab6b2,8ded8812356d872eabb05bcd0ff828dcf8185771c50ef1d3b566d5d48403ab1d
12-worker clean reload,1,A,0,UPDATE,401316.3175214704,200627.89951039408,2499623,0,603.9393204495237,520,854,3415,6199,18127,81023,cpu12-r1,454521d862bb0354023e95192653664098043d005775bebbabb7119155fab6b2,8ded8812356d872eabb05bcd0ff828dcf8185771c50ef1d3b566d5d48403ab1d
12-worker clean reload,1,A,0,Intended-UPDATE,401316.3175214704,200627.89951039408,2499623,0,603.9762540191061,520,855,3415,6199,18143,81023,cpu12-r1,454521d862bb0354023e95192653664098043d005775bebbabb7119155fab6b2,8ded8812356d872eabb05bcd0ff828dcf8185771c50ef1d3b566d5d48403ab1d
12-worker clean reload,2,C,100000,READ,99852.21871629987,99852.21871629987,5000000,0,317.1645752,302,419,497,680,1478,21343,cpu12-r2,a06c0367a452b147272500511d7eeeecfee91728a7a60d692cc16cf33b653d12,8ded8812356d872eabb05bcd0ff828dcf8185771c50ef1d3b566d5d48403ab1d
12-worker clean reload,2,C,100000,Intended-READ,99852.21871629987,99852.21871629987,5000000,0,390.2964548,361,479,565,1580,37215,60895,cpu12-r2,a06c0367a452b147272500511d7eeeecfee91728a7a60d692cc16cf33b653d12,8ded8812356d872eabb05bcd0ff828dcf8185771c50ef1d3b566d5d48403ab1d
12-worker clean reload,2,C,0,READ,465116.27906976745,465116.27906976745,5000000,0,489.8511424,455,684,1232,3543,12199,81471,cpu12-r2,6175753326f22c4c9e554826ab43d22f96ebed9a452f0afb35f73914140f8d27,8ded8812356d872eabb05bcd0ff828dcf8185771c50ef1d3b566d5d48403ab1d
12-worker clean reload,2,C,0,Intended-READ,465116.27906976745,465116.27906976745,5000000,0,489.886551,455,684,1232,3543,12199,81471,cpu12-r2,6175753326f22c4c9e554826ab43d22f96ebed9a452f0afb35f73914140f8d27,8ded8812356d872eabb05bcd0ff828dcf8185771c50ef1d3b566d5d48403ab1d
12-worker clean reload,2,A,100000,READ,99786.4569820584,49898.85644720298,2500282,0,315.9055386552397,298,384,522,2975,5307,27071,cpu12-r2,3bf4f04580547f943085015b668ac9272047062a7fd688ee9279683cd5c256b3,8ded8812356d872eabb05bcd0ff828dcf8185771c50ef1d3b566d5d48403ab1d
12-worker clean reload,2,A,100000,Intended-READ,99786.4569820584,49898.85644720298,2500282,0,428.7581240836034,356,447,973,14359,78783,103679,cpu12-r2,3bf4f04580547f943085015b668ac9272047062a7fd688ee9279683cd5c256b3,8ded8812356d872eabb05bcd0ff828dcf8185771c50ef1d3b566d5d48403ab1d
12-worker clean reload,2,A,100000,UPDATE,99786.4569820584,49887.60053485541,2499718,0,325.1561208104274,305,396,568,3185,5723,33215,cpu12-r2,3bf4f04580547f943085015b668ac9272047062a7fd688ee9279683cd5c256b3,8ded8812356d872eabb05bcd0ff828dcf8185771c50ef1d3b566d5d48403ab1d
12-worker clean reload,2,A,100000,Intended-UPDATE,99786.4569820584,49887.60053485541,2499718,0,439.4800585506045,364,458,1009,17567,79615,104447,cpu12-r2,3bf4f04580547f943085015b668ac9272047062a7fd688ee9279683cd5c256b3,8ded8812356d872eabb05bcd0ff828dcf8185771c50ef1d3b566d5d48403ab1d
12-worker clean reload,2,A,0,READ,395820.139328689,197845.63014566182,2499186,0,585.1687057305859,510,819,3229,6127,11879,62751,cpu12-r2,0bf3a0ae1877d40e01ba7850c3cf77185db56cd79d03e41aae493e7a273a095f,8ded8812356d872eabb05bcd0ff828dcf8185771c50ef1d3b566d5d48403ab1d
12-worker clean reload,2,A,0,Intended-READ,395820.139328689,197845.63014566182,2499186,0,585.2035298693255,510,819,3229,6127,11879,62751,cpu12-r2,0bf3a0ae1877d40e01ba7850c3cf77185db56cd79d03e41aae493e7a273a095f,8ded8812356d872eabb05bcd0ff828dcf8185771c50ef1d3b566d5d48403ab1d
12-worker clean reload,2,A,0,UPDATE,395820.139328689,197974.50918302723,2500814,0,602.9475210871341,521,856,3329,6167,15439,65855,cpu12-r2,0bf3a0ae1877d40e01ba7850c3cf77185db56cd79d03e41aae493e7a273a095f,8ded8812356d872eabb05bcd0ff828dcf8185771c50ef1d3b566d5d48403ab1d
12-worker clean reload,2,A,0,Intended-UPDATE,395820.139328689,197974.50918302723,2500814,0,602.9827876043561,521,856,3329,6167,15439,65855,cpu12-r2,0bf3a0ae1877d40e01ba7850c3cf77185db56cd79d03e41aae493e7a273a095f,8ded8812356d872eabb05bcd0ff828dcf8185771c50ef1d3b566d5d48403ab1d
12-worker clean reload,3,C,100000,READ,99792.43174197669,99792.43174197669,5000000,0,312.3532822,297,408,483,753,1611,41695,cpu12-r3,a56ece719d1f6a8543881ea6081d413f91ad5081a2f7d54fb0161dbc6997e0ea,8ded8812356d872eabb05bcd0ff828dcf8185771c50ef1d3b566d5d48403ab1d
12-worker clean reload,3,C,100000,Intended-READ,99792.43174197669,99792.43174197669,5000000,0,408.779701,356,468,553,11111,66047,96319,cpu12-r3,a56ece719d1f6a8543881ea6081d413f91ad5081a2f7d54fb0161dbc6997e0ea,8ded8812356d872eabb05bcd0ff828dcf8185771c50ef1d3b566d5d48403ab1d
12-worker clean reload,3,C,0,READ,481139.337952271,481139.337952271,5000000,0,472.9219212,452,631,795,3367,10223,58847,cpu12-r3,32fefda4cdec837d86be6266ea4cb159fd9668bbd8c0300a5d2c69f99fa76442,8ded8812356d872eabb05bcd0ff828dcf8185771c50ef1d3b566d5d48403ab1d
12-worker clean reload,3,C,0,Intended-READ,481139.337952271,481139.337952271,5000000,0,472.9592748,452,631,795,3367,10223,58847,cpu12-r3,32fefda4cdec837d86be6266ea4cb159fd9668bbd8c0300a5d2c69f99fa76442,8ded8812356d872eabb05bcd0ff828dcf8185771c50ef1d3b566d5d48403ab1d
12-worker clean reload,3,A,100000,READ,99742.66392706816,49876.29914819765,2500249,0,313.1867813965729,296,377,520,2853,5259,24751,cpu12-r3,b75e95626966bb1d9ed43954c34419bb63489e8c20e79bffd3157bdb3f2fe4b1,8ded8812356d872eabb05bcd0ff828dcf8185771c50ef1d3b566d5d48403ab1d
12-worker clean reload,3,A,100000,Intended-READ,99742.66392706816,49876.29914819765,2500249,0,409.14452720509036,355,439,885,12527,52319,77759,cpu12-r3,b75e95626966bb1d9ed43954c34419bb63489e8c20e79bffd3157bdb3f2fe4b1,8ded8812356d872eabb05bcd0ff828dcf8185771c50ef1d3b566d5d48403ab1d
12-worker clean reload,3,A,100000,UPDATE,99742.66392706816,49866.36477887051,2499751,0,322.699412861521,303,388,566,3055,5827,27183,cpu12-r3,b75e95626966bb1d9ed43954c34419bb63489e8c20e79bffd3157bdb3f2fe4b1,8ded8812356d872eabb05bcd0ff828dcf8185771c50ef1d3b566d5d48403ab1d
12-worker clean reload,3,A,100000,Intended-UPDATE,99742.66392706816,49866.36477887051,2499751,0,419.25662796014484,362,450,920,13807,52735,74111,cpu12-r3,b75e95626966bb1d9ed43954c34419bb63489e8c20e79bffd3157bdb3f2fe4b1,8ded8812356d872eabb05bcd0ff828dcf8185771c50ef1d3b566d5d48403ab1d
12-worker clean reload,3,A,0,READ,398025.7920713262,199094.8097436714,2501029,0,584.3099700163413,510,829,3133,6103,12039,58815,cpu12-r3,73db11d807daaa55c58eeae6ddcd14c3ae59ea63ea28465cda45a1386ce447ab,8ded8812356d872eabb05bcd0ff828dcf8185771c50ef1d3b566d5d48403ab1d
12-worker clean reload,3,A,0,Intended-READ,398025.7920713262,199094.8097436714,2501029,0,584.3446989219237,510,829,3133,6103,12039,58815,cpu12-r3,73db11d807daaa55c58eeae6ddcd14c3ae59ea63ea28465cda45a1386ce447ab,8ded8812356d872eabb05bcd0ff828dcf8185771c50ef1d3b566d5d48403ab1d
12-worker clean reload,3,A,0,UPDATE,398025.7920713262,198930.98232765484,2498971,0,596.6803684396498,520,853,3151,6111,11151,56095,cpu12-r3,73db11d807daaa55c58eeae6ddcd14c3ae59ea63ea28465cda45a1386ce447ab,8ded8812356d872eabb05bcd0ff828dcf8185771c50ef1d3b566d5d48403ab1d
12-worker clean reload,3,A,0,Intended-UPDATE,398025.7920713262,198930.98232765484,2498971,0,596.7173052428379,520,853,3151,6111,11151,56095,cpu12-r3,73db11d807daaa55c58eeae6ddcd14c3ae59ea63ea28465cda45a1386ce447ab,8ded8812356d872eabb05bcd0ff828dcf8185771c50ef1d3b566d5d48403ab1d
