round,variant,workload,target,histogram,total_qps,op_qps,avg_us,p50_us,p95_us,p99_us,p999_us,p9999_us,max_us,count,failed,log_sha256,binary_sha256
1,baseline,C,100000,READ,99804.38340851931,99804.38340851931,317.609845,300,431,535,819,1723,41119,5000000,0,3acb65c2f98c92ab82d89ee04268658f65f0284c4a68e1f13d7503b2ad0411af,8ded8812356d872eabb05bcd0ff828dcf8185771c50ef1d3b566d5d48403ab1d
1,baseline,C,100000,Intended-READ,99804.38340851931,99804.38340851931,421.0754296,359,491,610,17295,72255,104703,5000000,0,3acb65c2f98c92ab82d89ee04268658f65f0284c4a68e1f13d7503b2ad0411af,8ded8812356d872eabb05bcd0ff828dcf8185771c50ef1d3b566d5d48403ab1d
1,baseline,C,0,READ,472098.9519403267,472098.9519403267,470.4076924,450,630,813,2967,7747,51743,5000000,0,79a08b2271258c1f7b02ec68970989216253e75629306a34c5d4cc19e1a4d373,8ded8812356d872eabb05bcd0ff828dcf8185771c50ef1d3b566d5d48403ab1d
1,baseline,C,0,Intended-READ,472098.9519403267,472098.9519403267,470.4450622,450,630,813,2967,7747,51743,5000000,0,79a08b2271258c1f7b02ec68970989216253e75629306a34c5d4cc19e1a4d373,8ded8812356d872eabb05bcd0ff828dcf8185771c50ef1d3b566d5d48403ab1d
1,baseline,A,100000,READ,99800.39920159681,49925.76846307385,319.10969379290054,296,384,696,3643,7359,36287,2501281,0,70f846529ec68d833ad9617a880fada4618ccdd548c2515dbb296544242ec6d3,8ded8812356d872eabb05bcd0ff828dcf8185771c50ef1d3b566d5d48403ab1d
1,baseline,A,100000,Intended-READ,99800.39920159681,49925.76846307385,433.6629634975039,355,446,1142,20591,72383,113279,2501281,0,70f846529ec68d833ad9617a880fada4618ccdd548c2515dbb296544242ec6d3,8ded8812356d872eabb05bcd0ff828dcf8185771c50ef1d3b566d5d48403ab1d
1,baseline,A,100000,UPDATE,99800.39920159681,49874.63073852295,236.58056428113767,218,303,490,2571,5351,37471,2498719,0,70f846529ec68d833ad9617a880fada4618ccdd548c2515dbb296544242ec6d3,8ded8812356d872eabb05bcd0ff828dcf8185771c50ef1d3b566d5d48403ab1d
1,baseline,A,100000,Intended-UPDATE,99800.39920159681,49874.63073852295,351.846997201366,277,366,911,21615,73087,112511,2498719,0,70f846529ec68d833ad9617a880fada4618ccdd548c2515dbb296544242ec6d3,8ded8812356d872eabb05bcd0ff828dcf8185771c50ef1d3b566d5d48403ab1d
1,baseline,A,0,READ,453720.5081669692,226945.0998185118,594.2898108107568,501,901,3389,6095,11799,31071,2500935,0,4167bb5a857ed881f16ac7468b9637c31538e5374d9564ca1b033a30509e478c,8ded8812356d872eabb05bcd0ff828dcf8185771c50ef1d3b566d5d48403ab1d
1,baseline,A,0,Intended-READ,453720.5081669692,226945.0998185118,594.3266182447765,501,901,3389,6095,11799,31071,2500935,0,4167bb5a857ed881f16ac7468b9637c31538e5374d9564ca1b033a30509e478c,8ded8812356d872eabb05bcd0ff828dcf8185771c50ef1d3b566d5d48403ab1d
1,baseline,A,0,UPDATE,453720.5081669692,226775.40834845736,443.7445344558865,376,667,2423,5171,10519,29759,2499065,0,4167bb5a857ed881f16ac7468b9637c31538e5374d9564ca1b033a30509e478c,8ded8812356d872eabb05bcd0ff828dcf8185771c50ef1d3b566d5d48403ab1d
1,baseline,A,0,Intended-UPDATE,453720.5081669692,226775.40834845736,443.7819740582978,376,667,2423,5171,10519,29759,2499065,0,4167bb5a857ed881f16ac7468b9637c31538e5374d9564ca1b033a30509e478c,8ded8812356d872eabb05bcd0ff828dcf8185771c50ef1d3b566d5d48403ab1d
1,candidate,C,100000,READ,99806.37563127532,99806.37563127532,310.6581668,297,402,470,735,1795,37887,5000000,0,a8f670e2a3b6db536e2e41d714a8a4378d2c37cc4824c90f02d6974b6765426b,e41c8c9259b6b036a69369dcc58f280d43128852eac1477639304cc00089bf65
1,candidate,C,100000,Intended-READ,99806.37563127532,99806.37563127532,408.307261,357,462,546,13663,63519,95103,5000000,0,a8f670e2a3b6db536e2e41d714a8a4378d2c37cc4824c90f02d6974b6765426b,e41c8c9259b6b036a69369dcc58f280d43128852eac1477639304cc00089bf65
1,candidate,C,0,READ,476871.72150691465,476871.72150691465,472.4176544,449,634,901,3131,6747,81983,5000000,0,a720c6dfe30c1a0fc610a6fc5c188f49d67d98a8421a496bcee17ecc337d7038,e41c8c9259b6b036a69369dcc58f280d43128852eac1477639304cc00089bf65
1,candidate,C,0,Intended-READ,476871.72150691465,476871.72150691465,472.4537602,449,634,901,3131,6747,81983,5000000,0,a720c6dfe30c1a0fc610a6fc5c188f49d67d98a8421a496bcee17ecc337d7038,e41c8c9259b6b036a69369dcc58f280d43128852eac1477639304cc00089bf65
1,candidate,A,100000,READ,99754.6036749596,49897.57197294655,322.01172523486457,299,395,629,3685,7247,18015,2501016,0,651a270cbf5e3e22a01dcaefa6c87d5611b5a4cf777161cd105d6e11d54b8c62,e41c8c9259b6b036a69369dcc58f280d43128852eac1477639304cc00089bf65
1,candidate,A,100000,Intended-READ,99754.6036749596,49897.57197294655,409.01849528351676,357,458,1009,6303,59679,94655,2501016,0,651a270cbf5e3e22a01dcaefa6c87d5611b5a4cf777161cd105d6e11d54b8c62,e41c8c9259b6b036a69369dcc58f280d43128852eac1477639304cc00089bf65
1,candidate,A,100000,UPDATE,99754.6036749596,49857.031702013046,238.3084169406447,220,316,478,2447,4049,13639,2498984,0,651a270cbf5e3e22a01dcaefa6c87d5611b5a4cf777161cd105d6e11d54b8c62,e41c8c9259b6b036a69369dcc58f280d43128852eac1477639304cc00089bf65
1,candidate,A,100000,Intended-UPDATE,99754.6036749596,49857.031702013046,327.1092752094451,279,378,751,4443,62815,96831,2498984,0,651a270cbf5e3e22a01dcaefa6c87d5611b5a4cf777161cd105d6e11d54b8c62,e41c8c9259b6b036a69369dcc58f280d43128852eac1477639304cc00089bf65
1,candidate,A,0,READ,445791.72610556346,222906.11626248216,596.8567657887737,502,915,3433,6043,13855,44255,2500115,0,f230f971869aede2a300c0a5f9e8a642691301cb81402843a92eef54c4648f8d,e41c8c9259b6b036a69369dcc58f280d43128852eac1477639304cc00089bf65
1,candidate,A,0,Intended-READ,445791.72610556346,222906.11626248216,596.894025674819,502,916,3433,6043,13855,44255,2500115,0,f230f971869aede2a300c0a5f9e8a642691301cb81402843a92eef54c4648f8d,e41c8c9259b6b036a69369dcc58f280d43128852eac1477639304cc00089bf65
1,candidate,A,0,UPDATE,445791.72610556346,222885.6098430813,441.84898425327566,376,675,2369,5135,13623,52863,2499885,0,f230f971869aede2a300c0a5f9e8a642691301cb81402843a92eef54c4648f8d,e41c8c9259b6b036a69369dcc58f280d43128852eac1477639304cc00089bf65
1,candidate,A,0,Intended-UPDATE,445791.72610556346,222885.6098430813,441.88703240349054,376,675,2369,5135,13623,52863,2499885,0,f230f971869aede2a300c0a5f9e8a642691301cb81402843a92eef54c4648f8d,e41c8c9259b6b036a69369dcc58f280d43128852eac1477639304cc00089bf65
2,baseline,C,100000,READ,99798.40721742081,99798.40721742081,312.1537472,298,407,473,720,1683,37631,5000000,0,b6a9025e2e6b42a31caafc03ab85e21277ca8bdec949bbc07ec10ec0e2ec2952,8ded8812356d872eabb05bcd0ff828dcf8185771c50ef1d3b566d5d48403ab1d
2,baseline,C,100000,Intended-READ,99798.40721742081,99798.40721742081,409.1069474,358,468,542,13503,63583,90623,5000000,0,b6a9025e2e6b42a31caafc03ab85e21277ca8bdec949bbc07ec10ec0e2ec2952,8ded8812356d872eabb05bcd0ff828dcf8185771c50ef1d3b566d5d48403ab1d
2,baseline,C,0,READ,488663.01798279904,488663.01798279904,472.294962,447,620,998,3325,9287,66303,5000000,0,246ee5cb1003a22df1720e99b0617533588580c3ea6e8ea9804061320b669f00,8ded8812356d872eabb05bcd0ff828dcf8185771c50ef1d3b566d5d48403ab1d
2,baseline,C,0,Intended-READ,488663.01798279904,488663.01798279904,472.331392,447,620,998,3325,9287,66303,5000000,0,246ee5cb1003a22df1720e99b0617533588580c3ea6e8ea9804061320b669f00,8ded8812356d872eabb05bcd0ff828dcf8185771c50ef1d3b566d5d48403ab1d
2,baseline,A,100000,READ,99794.42348761551,49872.243179051155,320.350364522407,298,382,629,3815,7347,21679,2498749,0,b78891b799275e8baa8c9a48b32df0c2597c35331a0e443ed3bb14249b6ae2b0,8ded8812356d872eabb05bcd0ff828dcf8185771c50ef1d3b566d5d48403ab1d
2,baseline,A,100000,Intended-READ,99794.42348761551,49872.243179051155,406.0788470550664,356,443,1034,7283,46527,84799,2498749,0,b78891b799275e8baa8c9a48b32df0c2597c35331a0e443ed3bb14249b6ae2b0,8ded8812356d872eabb05bcd0ff828dcf8185771c50ef1d3b566d5d48403ab1d
2,baseline,A,100000,UPDATE,99794.42348761551,49922.180308564355,236.68425519869857,220,302,423,2523,4407,26511,2501251,0,b78891b799275e8baa8c9a48b32df0c2597c35331a0e443ed3bb14249b6ae2b0,8ded8812356d872eabb05bcd0ff828dcf8185771c50ef1d3b566d5d48403ab1d
2,baseline,A,100000,Intended-UPDATE,99794.42348761551,49922.180308564355,323.13330649343067,279,363,754,6459,46303,84479,2501251,0,b78891b799275e8baa8c9a48b32df0c2597c35331a0e443ed3bb14249b6ae2b0,8ded8812356d872eabb05bcd0ff828dcf8185771c50ef1d3b566d5d48403ab1d
2,baseline,A,0,READ,444879.4376723908,222500.57834326898,596.2104500208743,501,910,3437,6031,15255,91007,2500684,0,6acf45be7cf7fb69b312ec3ec254a8e7c1061d59155ccf8cd321913957399403,8ded8812356d872eabb05bcd0ff828dcf8185771c50ef1d3b566d5d48403ab1d
2,baseline,A,0,Intended-READ,444879.4376723908,222500.57834326898,596.2473939130253,501,910,3437,6031,15255,91007,2500684,0,6acf45be7cf7fb69b312ec3ec254a8e7c1061d59155ccf8cd321913957399403,8ded8812356d872eabb05bcd0ff828dcf8185771c50ef1d3b566d5d48403ab1d
2,baseline,A,0,UPDATE,444879.4376723908,222378.8593291218,441.07099502423864,377,673,2295,5031,8599,88063,2499316,0,6acf45be7cf7fb69b312ec3ec254a8e7c1061d59155ccf8cd321913957399403,8ded8812356d872eabb05bcd0ff828dcf8185771c50ef1d3b566d5d48403ab1d
2,baseline,A,0,Intended-UPDATE,444879.4376723908,222378.8593291218,441.10779549284683,377,673,2295,5031,8599,88063,2499316,0,6acf45be7cf7fb69b312ec3ec254a8e7c1061d59155ccf8cd321913957399403,8ded8812356d872eabb05bcd0ff828dcf8185771c50ef1d3b566d5d48403ab1d
2,candidate,C,100000,READ,99776.5006385696,99776.5006385696,312.600242,299,405,465,657,1938,36927,5000000,0,fee4bf14062599e7ab17f8fcfdb1ef4794f19f5e465c7c057c4f871d5b91592e,e41c8c9259b6b036a69369dcc58f280d43128852eac1477639304cc00089bf65
2,candidate,C,100000,Intended-READ,99776.5006385696,99776.5006385696,394.6658042,358,466,535,3141,47455,75391,5000000,0,fee4bf14062599e7ab17f8fcfdb1ef4794f19f5e465c7c057c4f871d5b91592e,e41c8c9259b6b036a69369dcc58f280d43128852eac1477639304cc00089bf65
2,candidate,C,0,READ,492368.29148202855,492368.29148202855,472.9605166,448,632,988,3199,8175,44479,5000000,0,b663888ddd2a8cca5589c464a7966b06dd106bf5e3a4cac242f5ff2d2ebfffae,e41c8c9259b6b036a69369dcc58f280d43128852eac1477639304cc00089bf65
2,candidate,C,0,Intended-READ,492368.29148202855,492368.29148202855,472.9973042,448,632,988,3199,8175,44479,5000000,0,b663888ddd2a8cca5589c464a7966b06dd106bf5e3a4cac242f5ff2d2ebfffae,e41c8c9259b6b036a69369dcc58f280d43128852eac1477639304cc00089bf65
2,candidate,A,100000,READ,99812.35277677965,49920.84880424802,319.1939849684193,295,384,662,3895,7591,28031,2500735,0,6f13fa8148ea83a79ada139f05e6dd2ce6b9a93f5e94eedba849f4e87d1aeb35,e41c8c9259b6b036a69369dcc58f280d43128852eac1477639304cc00089bf65
2,candidate,A,100000,Intended-READ,99812.35277677965,49920.84880424802,416.4850853848968,354,447,1103,11207,60959,96191,2500735,0,6f13fa8148ea83a79ada139f05e6dd2ce6b9a93f5e94eedba849f4e87d1aeb35,e41c8c9259b6b036a69369dcc58f280d43128852eac1477639304cc00089bf65
2,candidate,A,100000,UPDATE,99812.35277677965,49891.50397253164,235.81484716506654,217,303,462,2845,5251,32863,2499265,0,6f13fa8148ea83a79ada139f05e6dd2ce6b9a93f5e94eedba849f4e87d1aeb35,e41c8c9259b6b036a69369dcc58f280d43128852eac1477639304cc00089bf65
2,candidate,A,100000,Intended-UPDATE,99812.35277677965,49891.50397253164,333.0732947486561,276,365,828,11983,62431,95807,2499265,0,6f13fa8148ea83a79ada139f05e6dd2ce6b9a93f5e94eedba849f4e87d1aeb35,e41c8c9259b6b036a69369dcc58f280d43128852eac1477639304cc00089bf65
2,candidate,A,0,READ,430329.6324984938,215128.66856011705,620.6550112418886,503,1120,3537,6279,27007,72959,2499580,0,2d10564ccd0b4d9d6428dcd290b9e4988a862bdc15bf2f6fe19e232c978ec3fd,e41c8c9259b6b036a69369dcc58f280d43128852eac1477639304cc00089bf65
2,candidate,A,0,Intended-READ,430329.6324984938,215128.66856011705,620.7001168196257,503,1120,3537,6279,27007,72959,2499580,0,2d10564ccd0b4d9d6428dcd290b9e4988a862bdc15bf2f6fe19e232c978ec3fd,e41c8c9259b6b036a69369dcc58f280d43128852eac1477639304cc00089bf65
2,candidate,A,0,UPDATE,430329.6324984938,215200.9639383768,479.47975140176453,380,864,2885,5603,32351,71487,2500420,0,2d10564ccd0b4d9d6428dcd290b9e4988a862bdc15bf2f6fe19e232c978ec3fd,e41c8c9259b6b036a69369dcc58f280d43128852eac1477639304cc00089bf65
2,candidate,A,0,Intended-UPDATE,430329.6324984938,215200.9639383768,479.5197946744947,380,864,2885,5603,32351,71487,2500420,0,2d10564ccd0b4d9d6428dcd290b9e4988a862bdc15bf2f6fe19e232c978ec3fd,e41c8c9259b6b036a69369dcc58f280d43128852eac1477639304cc00089bf65
3,baseline,C,100000,READ,99790.44007584073,99790.44007584073,310.6035662,296,409,481,645,1769,17935,5000000,0,e03f4dd6c6abc87e4e1c580470da8884b472a486cc5c75298b3d564647e8b76b,8ded8812356d872eabb05bcd0ff828dcf8185771c50ef1d3b566d5d48403ab1d
3,baseline,C,100000,Intended-READ,99790.44007584073,99790.44007584073,384.6123274,355,470,552,1695,36127,57215,5000000,0,e03f4dd6c6abc87e4e1c580470da8884b472a486cc5c75298b3d564647e8b76b,8ded8812356d872eabb05bcd0ff828dcf8185771c50ef1d3b566d5d48403ab1d
3,baseline,C,0,READ,486760.1246105919,486760.1246105919,468.2126588,446,624,827,3211,8455,32319,5000000,0,5a0a614297eced6cdaf7259f55cd40cf91ec7a469f6bb33ff15e792b464527ad,8ded8812356d872eabb05bcd0ff828dcf8185771c50ef1d3b566d5d48403ab1d
3,baseline,C,0,Intended-READ,486760.1246105919,486760.1246105919,468.2489864,447,624,827,3211,8455,32319,5000000,0,5a0a614297eced6cdaf7259f55cd40cf91ec7a469f6bb33ff15e792b464527ad,8ded8812356d872eabb05bcd0ff828dcf8185771c50ef1d3b566d5d48403ab1d
3,baseline,A,100000,READ,99788.44848920288,49867.72043268271,318.61729950949945,294,385,673,4013,7579,10775,2498672,0,fde7390c5304f9374da70b4e9a1ad6a12b1a6b9bab4a8eb8e5c2b924b5020893,8ded8812356d872eabb05bcd0ff828dcf8185771c50ef1d3b566d5d48403ab1d
3,baseline,A,100000,Intended-READ,99788.44848920288,49867.72043268271,414.410193894997,353,448,1116,8415,60127,90431,2498672,0,fde7390c5304f9374da70b4e9a1ad6a12b1a6b9bab4a8eb8e5c2b924b5020893,8ded8812356d872eabb05bcd0ff828dcf8185771c50ef1d3b566d5d48403ab1d
3,baseline,A,100000,UPDATE,99788.44848920288,49920.72805652018,236.14032106145217,216,305,476,2989,4711,17439,2501328,0,fde7390c5304f9374da70b4e9a1ad6a12b1a6b9bab4a8eb8e5c2b924b5020893,8ded8812356d872eabb05bcd0ff828dcf8185771c50ef1d3b566d5d48403ab1d
3,baseline,A,100000,Intended-UPDATE,99788.44848920288,49920.72805652018,334.5197702980177,275,367,888,9567,61855,92671,2501328,0,fde7390c5304f9374da70b4e9a1ad6a12b1a6b9bab4a8eb8e5c2b924b5020893,8ded8812356d872eabb05bcd0ff828dcf8185771c50ef1d3b566d5d48403ab1d
3,baseline,A,0,READ,441462.12254988524,220530.37259403142,598.7159741637097,500,932,3439,6259,13719,51391,2497727,0,174629d6799f42970efd076ad781c743869114c5487fcb0e994798cea654b907,8ded8812356d872eabb05bcd0ff828dcf8185771c50ef1d3b566d5d48403ab1d
3,baseline,A,0,Intended-READ,441462.12254988524,220530.37259403142,598.7528000458017,500,932,3439,6259,13719,51391,2497727,0,174629d6799f42970efd076ad781c743869114c5487fcb0e994798cea654b907,8ded8812356d872eabb05bcd0ff828dcf8185771c50ef1d3b566d5d48403ab1d
3,baseline,A,0,UPDATE,441462.12254988524,220931.7499558538,448.57159590500316,377,704,2413,5303,14279,47135,2502273,0,174629d6799f42970efd076ad781c743869114c5487fcb0e994798cea654b907,8ded8812356d872eabb05bcd0ff828dcf8185771c50ef1d3b566d5d48403ab1d
3,baseline,A,0,Intended-UPDATE,441462.12254988524,220931.7499558538,448.6078681262996,377,704,2413,5303,14279,47135,2502273,0,174629d6799f42970efd076ad781c743869114c5487fcb0e994798cea654b907,8ded8812356d872eabb05bcd0ff828dcf8185771c50ef1d3b566d5d48403ab1d
3,candidate,C,100000,READ,99774.50960828527,99774.50960828527,315.8561592,301,412,477,704,1709,24159,5000000,0,3602db1009d8ada1f6d0e653ccb9c544a8c287cbd36b2932c4e939ddfe08f601,e41c8c9259b6b036a69369dcc58f280d43128852eac1477639304cc00089bf65
3,candidate,C,100000,Intended-READ,99774.50960828527,99774.50960828527,393.5588386,360,473,546,1573,48127,76287,5000000,0,3602db1009d8ada1f6d0e653ccb9c544a8c287cbd36b2932c4e939ddfe08f601,e41c8c9259b6b036a69369dcc58f280d43128852eac1477639304cc00089bf65
3,candidate,C,0,READ,472143.5316336166,472143.5316336166,487.4769982,449,683,1252,3861,15807,85503,5000000,0,6897f98f46bbeeea422c49b0dbda769e85d3883a722a884f7fce01fb55f6c44c,e41c8c9259b6b036a69369dcc58f280d43128852eac1477639304cc00089bf65
3,candidate,C,0,Intended-READ,472143.5316336166,472143.5316336166,487.5124274,449,683,1252,3861,15807,85503,5000000,0,6897f98f46bbeeea422c49b0dbda769e85d3883a722a884f7fce01fb55f6c44c,e41c8c9259b6b036a69369dcc58f280d43128852eac1477639304cc00089bf65
3,candidate,A,100000,READ,99818.3306382384,49897.42668343615,318.2396703704711,296,387,596,3769,7583,11999,2499412,0,da86b2fb81025ea2a674c9b9cce51022199ccf5012b482ab4380f6604adcd28c,e41c8c9259b6b036a69369dcc58f280d43128852eac1477639304cc00089bf65
3,candidate,A,100000,Intended-READ,99818.3306382384,49897.42668343615,398.6617388409754,355,450,1013,5647,56223,97023,2499412,0,da86b2fb81025ea2a674c9b9cce51022199ccf5012b482ab4380f6604adcd28c,e41c8c9259b6b036a69369dcc58f280d43128852eac1477639304cc00089bf65
3,candidate,A,100000,UPDATE,99818.3306382384,49920.90395480226,234.22712418039276,217,306,427,2427,4163,26767,2500588,0,da86b2fb81025ea2a674c9b9cce51022199ccf5012b482ab4380f6604adcd28c,e41c8c9259b6b036a69369dcc58f280d43128852eac1477639304cc00089bf65
3,candidate,A,100000,Intended-UPDATE,99818.3306382384,49920.90395480226,315.9567013838345,277,369,734,3941,57695,95231,2500588,0,da86b2fb81025ea2a674c9b9cce51022199ccf5012b482ab4380f6604adcd28c,e41c8c9259b6b036a69369dcc58f280d43128852eac1477639304cc00089bf65
3,candidate,A,0,READ,444483.95412925596,222256.02275757844,595.2089815923633,496,920,3441,6155,14271,82239,2500158,0,1916ff9f0a250dd659ffd36dbdb84a2800f0b0c59cc1dd72264cef85a32eed8e,e41c8c9259b6b036a69369dcc58f280d43128852eac1477639304cc00089bf65
3,candidate,A,0,Intended-READ,444483.95412925596,222256.02275757844,595.2457960656886,496,920,3441,6155,14271,82239,2500158,0,1916ff9f0a250dd659ffd36dbdb84a2800f0b0c59cc1dd72264cef85a32eed8e,e41c8c9259b6b036a69369dcc58f280d43128852eac1477639304cc00089bf65
3,candidate,A,0,UPDATE,444483.95412925596,222227.9313716775,450.1771959987871,373,698,2585,5239,15447,88127,2499842,0,1916ff9f0a250dd659ffd36dbdb84a2800f0b0c59cc1dd72264cef85a32eed8e,e41c8c9259b6b036a69369dcc58f280d43128852eac1477639304cc00089bf65
3,candidate,A,0,Intended-UPDATE,444483.95412925596,222227.9313716775,450.21431914497,373,698,2585,5239,15447,88127,2499842,0,1916ff9f0a250dd659ffd36dbdb84a2800f0b0c59cc1dd72264cef85a32eed8e,e41c8c9259b6b036a69369dcc58f280d43128852eac1477639304cc00089bf65
