stage,workload,round,variant,target,workers,histogram,total_qps,op_qps,count,failed,avg_us,p50_us,p95_us,p99_us,p999_us,p9999_us,max_us,log,sha256,binary_sha256
read,C,1,move,100000,256,READ,99740.6742469579,99740.6742469579,5000000,0,331.2971992,318,430,501,1020,2515,15503,hash-direct-read-r1-move-hmset-c-c256-target100000-measured.log,98f16f1e5d048aeae19180186371d4a74d0df07b6698033baedb590f498ff6c1,5d2c6ef77c77240eb01cf15d70eec0a5629b29d7477f28f1cf9a2278ad7dbe9c
read,C,1,move,100000,256,Intended-READ,99740.6742469579,99740.6742469579,5000000,0,399.2846884,377,491,573,1610,30351,51871,hash-direct-read-r1-move-hmset-c-c256-target100000-measured.log,98f16f1e5d048aeae19180186371d4a74d0df07b6698033baedb590f498ff6c1,5d2c6ef77c77240eb01cf15d70eec0a5629b29d7477f28f1cf9a2278ad7dbe9c
read,C,1,move,0,256,READ,450166.56162780226,450166.56162780226,5000000,0,522.4647132,499,696,1073,3287,9735,49311,hash-direct-read-r1-move-hmset-c-c256-measured.log,e689d3cc65a5093a036bc89b9c354bac98a496b69907b8e3194f810a57c2a3c9,5d2c6ef77c77240eb01cf15d70eec0a5629b29d7477f28f1cf9a2278ad7dbe9c
read,C,1,move,0,256,Intended-READ,450166.56162780226,450166.56162780226,5000000,0,522.5007226,499,696,1074,3287,9735,49311,hash-direct-read-r1-move-hmset-c-c256-measured.log,e689d3cc65a5093a036bc89b9c354bac98a496b69907b8e3194f810a57c2a3c9,5d2c6ef77c77240eb01cf15d70eec0a5629b29d7477f28f1cf9a2278ad7dbe9c
read,C,1,direct,100000,256,READ,99804.38340851931,99804.38340851931,5000000,0,326.9815468,313,427,502,1050,2999,10463,hash-direct-read-r1-direct-hmset-c-c256-target100000-measured.log,8abf5f99dda0f2af1e06e15767bcb7d5bf834ca4c3cd93acdd46e9c390efbfde,bdccd7093b0bb745d29c347e1e610ba5023392b8da994adf9270c5c5f1391ac1
read,C,1,direct,100000,256,Intended-READ,99804.38340851931,99804.38340851931,5000000,0,391.6039002,371,487,572,1777,20495,56287,hash-direct-read-r1-direct-hmset-c-c256-target100000-measured.log,8abf5f99dda0f2af1e06e15767bcb7d5bf834ca4c3cd93acdd46e9c390efbfde,bdccd7093b0bb745d29c347e1e610ba5023392b8da994adf9270c5c5f1391ac1
read,C,1,direct,0,256,READ,453144.8250860975,453144.8250860975,5000000,0,516.3066394,488,691,1256,3653,8051,80191,hash-direct-read-r1-direct-hmset-c-c256-measured.log,4ea47cbec25eafb2067719f3d3e2a04532ffa69ac2a9f0b8b4eb408f651313ea,bdccd7093b0bb745d29c347e1e610ba5023392b8da994adf9270c5c5f1391ac1
read,C,1,direct,0,256,Intended-READ,453144.8250860975,453144.8250860975,5000000,0,516.3417146,488,691,1256,3653,8051,80191,hash-direct-read-r1-direct-hmset-c-c256-measured.log,4ea47cbec25eafb2067719f3d3e2a04532ffa69ac2a9f0b8b4eb408f651313ea,bdccd7093b0bb745d29c347e1e610ba5023392b8da994adf9270c5c5f1391ac1
read,C,2,move,100000,256,READ,99798.40721742081,99798.40721742081,5000000,0,333.1506678,319,433,507,1006,2633,27567,hash-direct-read-r2-move-hmset-c-c256-target100000-measured.log,b29476ea00d505662e9eb252e5c940018e0ee1ddce30592a5e600c35b86f017a,5d2c6ef77c77240eb01cf15d70eec0a5629b29d7477f28f1cf9a2278ad7dbe9c
read,C,2,move,100000,256,Intended-READ,99798.40721742081,99798.40721742081,5000000,0,412.9232942,378,493,580,2783,47295,74175,hash-direct-read-r2-move-hmset-c-c256-target100000-measured.log,b29476ea00d505662e9eb252e5c940018e0ee1ddce30592a5e600c35b86f017a,5d2c6ef77c77240eb01cf15d70eec0a5629b29d7477f28f1cf9a2278ad7dbe9c
read,C,2,move,0,256,READ,440257.11015232897,440257.11015232897,5000000,0,517.7303242,494,699,982,3357,7051,84287,hash-direct-read-r2-move-hmset-c-c256-measured.log,e6a6d95f78df6c5d2042a08965928df1bd0aea857653c5fb0c1e28ddf5e05cf8,5d2c6ef77c77240eb01cf15d70eec0a5629b29d7477f28f1cf9a2278ad7dbe9c
read,C,2,move,0,256,Intended-READ,440257.11015232897,440257.11015232897,5000000,0,517.7649046,494,699,982,3357,7051,84287,hash-direct-read-r2-move-hmset-c-c256-measured.log,e6a6d95f78df6c5d2042a08965928df1bd0aea857653c5fb0c1e28ddf5e05cf8,5d2c6ef77c77240eb01cf15d70eec0a5629b29d7477f28f1cf9a2278ad7dbe9c
read,C,2,direct,100000,256,READ,99824.30921578023,99824.30921578023,5000000,0,328.5961874,316,421,483,974,2667,25359,hash-direct-read-r2-direct-hmset-c-c256-target100000-measured.log,f48ab28c636e2d7eb1ae853b5c024e0c60df608b6d24b23f09fa06f84db8dcc4,bdccd7093b0bb745d29c347e1e610ba5023392b8da994adf9270c5c5f1391ac1
read,C,2,direct,100000,256,Intended-READ,99824.30921578023,99824.30921578023,5000000,0,398.4257882,374,481,552,1652,32063,56511,hash-direct-read-r2-direct-hmset-c-c256-target100000-measured.log,f48ab28c636e2d7eb1ae853b5c024e0c60df608b6d24b23f09fa06f84db8dcc4,bdccd7093b0bb745d29c347e1e610ba5023392b8da994adf9270c5c5f1391ac1
read,C,2,direct,0,256,READ,457289.18968355586,457289.18968355586,5000000,0,513.978164,489,687,1125,3551,7479,53951,hash-direct-read-r2-direct-hmset-c-c256-measured.log,340ac2e885eb470b7bd6399dd2e81c88c6318e6e2d027ed25d0e7dde42404dc4,bdccd7093b0bb745d29c347e1e610ba5023392b8da994adf9270c5c5f1391ac1
read,C,2,direct,0,256,Intended-READ,457289.18968355586,457289.18968355586,5000000,0,514.0132952,489,687,1125,3551,7479,53951,hash-direct-read-r2-direct-hmset-c-c256-measured.log,340ac2e885eb470b7bd6399dd2e81c88c6318e6e2d027ed25d0e7dde42404dc4,bdccd7093b0bb745d29c347e1e610ba5023392b8da994adf9270c5c5f1391ac1
read,C,3,move,100000,256,READ,99802.39126529472,99802.39126529472,5000000,0,338.9293058,319,432,498,1017,38719,57471,hash-direct-read-r3-move-hmset-c-c256-target100000-measured.log,9ef03e1ca7cf09e97bc9f920527b24e2a392570081e48724fa7cb01170e3f8d2,5d2c6ef77c77240eb01cf15d70eec0a5629b29d7477f28f1cf9a2278ad7dbe9c
read,C,3,move,100000,256,Intended-READ,99802.39126529472,99802.39126529472,5000000,0,470.4760918,378,493,580,31103,48735,57535,hash-direct-read-r3-move-hmset-c-c256-target100000-measured.log,9ef03e1ca7cf09e97bc9f920527b24e2a392570081e48724fa7cb01170e3f8d2,5d2c6ef77c77240eb01cf15d70eec0a5629b29d7477f28f1cf9a2278ad7dbe9c
read,C,3,move,0,256,READ,449115.2429713464,449115.2429713464,5000000,0,518.1556374,495,694,1057,3093,7047,60287,hash-direct-read-r3-move-hmset-c-c256-measured.log,d10aa503f35c8fc284b4236e34ac57fdffae3f050e0fd6674b0121e3da78b926,5d2c6ef77c77240eb01cf15d70eec0a5629b29d7477f28f1cf9a2278ad7dbe9c
read,C,3,move,0,256,Intended-READ,449115.2429713464,449115.2429713464,5000000,0,518.1907086,495,694,1057,3093,7047,60287,hash-direct-read-r3-move-hmset-c-c256-measured.log,d10aa503f35c8fc284b4236e34ac57fdffae3f050e0fd6674b0121e3da78b926,5d2c6ef77c77240eb01cf15d70eec0a5629b29d7477f28f1cf9a2278ad7dbe9c
read,C,3,direct,100000,256,READ,99758.58422617266,99758.58422617266,5000000,0,336.5212958,323,439,521,994,2659,35135,hash-direct-read-r3-direct-hmset-c-c256-target100000-measured.log,63faa21bdc62304e93e9e55b50315682c36da84a6b7ffa6443ae9c3f4c509378,bdccd7093b0bb745d29c347e1e610ba5023392b8da994adf9270c5c5f1391ac1
read,C,3,direct,100000,256,Intended-READ,99758.58422617266,99758.58422617266,5000000,0,419.8812182,381,499,594,3315,50175,80511,hash-direct-read-r3-direct-hmset-c-c256-target100000-measured.log,63faa21bdc62304e93e9e55b50315682c36da84a6b7ffa6443ae9c3f4c509378,bdccd7093b0bb745d29c347e1e610ba5023392b8da994adf9270c5c5f1391ac1
read,C,3,direct,0,256,READ,456746.1404951128,456746.1404951128,5000000,0,514.6109254,489,691,1169,3335,9303,37791,hash-direct-read-r3-direct-hmset-c-c256-measured.log,49e5fd02df508794c565adf4ccb0f06fede21ce3da01b610132e10a3a7cba810,bdccd7093b0bb745d29c347e1e610ba5023392b8da994adf9270c5c5f1391ac1
read,C,3,direct,0,256,Intended-READ,456746.1404951128,456746.1404951128,5000000,0,514.6459244,489,691,1169,3335,9303,37791,hash-direct-read-r3-direct-hmset-c-c256-measured.log,49e5fd02df508794c565adf4ccb0f06fede21ce3da01b610132e10a3a7cba810,bdccd7093b0bb745d29c347e1e610ba5023392b8da994adf9270c5c5f1391ac1
reserve,A,1,direct,100000,256,READ,99806.37563127532,49858.893746132504,2497781,0,334.5843086323421,313,410,596,3717,7295,20063,hash-direct-reserve-r1-direct-hmset-a-c256-target100000-measured.log,afd31d94feb31ae856049c1b3711cad72a93d4c96d246499ed222c089a4e132f,bdccd7093b0bb745d29c347e1e610ba5023392b8da994adf9270c5c5f1391ac1
reserve,A,1,direct,100000,256,Intended-READ,99806.37563127532,49858.893746132504,2497781,0,421.7960357613418,371,472,1053,6727,50911,75263,hash-direct-reserve-r1-direct-hmset-a-c256-target100000-measured.log,afd31d94feb31ae856049c1b3711cad72a93d4c96d246499ed222c089a4e132f,bdccd7093b0bb745d29c347e1e610ba5023392b8da994adf9270c5c5f1391ac1
reserve,A,1,direct,100000,256,UPDATE,99806.37563127532,49947.48188514282,2502219,0,348.21175284817195,326,427,640,3771,7307,21535,hash-direct-reserve-r1-direct-hmset-a-c256-target100000-measured.log,afd31d94feb31ae856049c1b3711cad72a93d4c96d246499ed222c089a4e132f,bdccd7093b0bb745d29c347e1e610ba5023392b8da994adf9270c5c5f1391ac1
reserve,A,1,direct,100000,256,Intended-UPDATE,99806.37563127532,49947.48188514282,2502219,0,433.99429346512034,384,489,1081,6651,50335,73087,hash-direct-reserve-r1-direct-hmset-a-c256-target100000-measured.log,afd31d94feb31ae856049c1b3711cad72a93d4c96d246499ed222c089a4e132f,bdccd7093b0bb745d29c347e1e610ba5023392b8da994adf9270c5c5f1391ac1
reserve,A,1,direct,0,256,READ,370452.6931910795,185232.94065347855,2500089,0,634.9985972499379,554,942,2923,6719,12375,77759,hash-direct-reserve-r1-direct-hmset-a-c256-measured.log,be726ca86f2d0d66a5fbe4518791a69a72f72723508609b309ad4de747b665d2,bdccd7093b0bb745d29c347e1e610ba5023392b8da994adf9270c5c5f1391ac1
reserve,A,1,direct,0,256,Intended-READ,370452.6931910795,185232.94065347855,2500089,0,635.0320256598865,554,942,2923,6719,12375,77759,hash-direct-reserve-r1-direct-hmset-a-c256-measured.log,be726ca86f2d0d66a5fbe4518791a69a72f72723508609b309ad4de747b665d2,bdccd7093b0bb745d29c347e1e610ba5023392b8da994adf9270c5c5f1391ac1
reserve,A,1,direct,0,256,UPDATE,370452.6931910795,185219.75253760096,2499911,0,658.5639992783744,570,986,3089,6803,15311,80447,hash-direct-reserve-r1-direct-hmset-a-c256-measured.log,be726ca86f2d0d66a5fbe4518791a69a72f72723508609b309ad4de747b665d2,bdccd7093b0bb745d29c347e1e610ba5023392b8da994adf9270c5c5f1391ac1
reserve,A,1,direct,0,256,Intended-UPDATE,370452.6931910795,185219.75253760096,2499911,0,658.5983357007509,570,986,3089,6803,15311,80447,hash-direct-reserve-r1-direct-hmset-a-c256-measured.log,be726ca86f2d0d66a5fbe4518791a69a72f72723508609b309ad4de747b665d2,bdccd7093b0bb745d29c347e1e610ba5023392b8da994adf9270c5c5f1391ac1
reserve,A,1,reserve,100000,256,READ,99830.2885095338,49937.68593391235,2501129,0,354.5639045407094,316,418,767,4919,49311,252415,hash-direct-reserve-r1-reserve-hmset-a-c256-target100000-measured.log,d1b345a13d61d79e0ec7bdf6bb99115984f57eb3d989a17c07ad33711b2941b5,b529e11762978bd958e08d565b16eea9e150e0bb75c605f9337c01ca5831878f
reserve,A,1,reserve,100000,256,Intended-READ,99830.2885095338,49937.68593391235,2501129,0,608.2651142743937,375,485,3719,43679,70079,252415,hash-direct-reserve-r1-reserve-hmset-a-c256-target100000-measured.log,d1b345a13d61d79e0ec7bdf6bb99115984f57eb3d989a17c07ad33711b2941b5,b529e11762978bd958e08d565b16eea9e150e0bb75c605f9337c01ca5831878f
reserve,A,1,reserve,100000,256,UPDATE,99830.2885095338,49892.602575621444,2498871,0,368.9583671986269,328,436,837,4939,49983,203519,hash-direct-reserve-r1-reserve-hmset-a-c256-target100000-measured.log,d1b345a13d61d79e0ec7bdf6bb99115984f57eb3d989a17c07ad33711b2941b5,b529e11762978bd958e08d565b16eea9e150e0bb75c605f9337c01ca5831878f
reserve,A,1,reserve,100000,256,Intended-UPDATE,99830.2885095338,49892.602575621444,2498871,0,622.1440814671906,387,503,3823,43711,69567,242943,hash-direct-reserve-r1-reserve-hmset-a-c256-target100000-measured.log,d1b345a13d61d79e0ec7bdf6bb99115984f57eb3d989a17c07ad33711b2941b5,b529e11762978bd958e08d565b16eea9e150e0bb75c605f9337c01ca5831878f
reserve,A,1,reserve,0,256,READ,369439.92906753364,184738.14097827693,2500246,0,632.2122303165369,557,934,2803,6547,11559,46527,hash-direct-reserve-r1-reserve-hmset-a-c256-measured.log,267e32814d4555feb71b9df6150e9556a4a8b53dbe30267c5bbbbb9094a4de8d,b529e11762978bd958e08d565b16eea9e150e0bb75c605f9337c01ca5831878f
reserve,A,1,reserve,0,256,Intended-READ,369439.92906753364,184738.14097827693,2500246,0,632.2452154707977,557,934,2803,6547,11559,46527,hash-direct-reserve-r1-reserve-hmset-a-c256-measured.log,267e32814d4555feb71b9df6150e9556a4a8b53dbe30267c5bbbbb9094a4de8d,b529e11762978bd958e08d565b16eea9e150e0bb75c605f9337c01ca5831878f
reserve,A,1,reserve,0,256,UPDATE,369439.92906753364,184701.78808925668,2499754,0,649.2436667768109,571,960,2837,6611,11935,45919,hash-direct-reserve-r1-reserve-hmset-a-c256-measured.log,267e32814d4555feb71b9df6150e9556a4a8b53dbe30267c5bbbbb9094a4de8d,b529e11762978bd958e08d565b16eea9e150e0bb75c605f9337c01ca5831878f
reserve,A,1,reserve,0,256,Intended-UPDATE,369439.92906753364,184701.78808925668,2499754,0,649.2778969450594,571,960,2837,6611,11935,45919,hash-direct-reserve-r1-reserve-hmset-a-c256-measured.log,267e32814d4555feb71b9df6150e9556a4a8b53dbe30267c5bbbbb9094a4de8d,b529e11762978bd958e08d565b16eea9e150e0bb75c605f9337c01ca5831878f
reserve,A,2,direct,100000,256,READ,99796.41531276196,49929.74332361981,2501580,0,337.44003269933404,315,408,619,3639,7451,30511,hash-direct-reserve-r2-direct-hmset-a-c256-target100000-measured.log,24bd8378d9789af128118d34a555148b76ae0289fafedd83338bb253f3259fa9,bdccd7093b0bb745d29c347e1e610ba5023392b8da994adf9270c5c5f1391ac1
reserve,A,2,direct,100000,256,Intended-READ,99796.41531276196,49929.74332361981,2501580,0,446.06493815908345,374,471,1089,16767,66111,97023,hash-direct-reserve-r2-direct-hmset-a-c256-target100000-measured.log,24bd8378d9789af128118d34a555148b76ae0289fafedd83338bb253f3259fa9,bdccd7093b0bb745d29c347e1e610ba5023392b8da994adf9270c5c5f1391ac1
reserve,A,2,direct,100000,256,UPDATE,99796.41531276196,49866.67198914215,2498420,0,351.958917235693,328,425,705,3759,7611,32463,hash-direct-reserve-r2-direct-hmset-a-c256-target100000-measured.log,24bd8378d9789af128118d34a555148b76ae0289fafedd83338bb253f3259fa9,bdccd7093b0bb745d29c347e1e610ba5023392b8da994adf9270c5c5f1391ac1
reserve,A,2,direct,100000,256,Intended-UPDATE,99796.41531276196,49866.67198914215,2498420,0,462.9372283283035,387,488,1129,18319,71487,96319,hash-direct-reserve-r2-direct-hmset-a-c256-target100000-measured.log,24bd8378d9789af128118d34a555148b76ae0289fafedd83338bb253f3259fa9,bdccd7093b0bb745d29c347e1e610ba5023392b8da994adf9270c5c5f1391ac1
reserve,A,2,direct,0,256,READ,368405.5408193339,184209.10698496905,2500086,0,641.4484665727499,555,966,2915,6735,15959,106367,hash-direct-reserve-r2-direct-hmset-a-c256-measured.log,27cc54427b8ae6fd0384884b99e0ee76308481a57dbf4059d230b11bfd9cf9d6,bdccd7093b0bb745d29c347e1e610ba5023392b8da994adf9270c5c5f1391ac1
reserve,A,2,direct,0,256,Intended-READ,368405.5408193339,184209.10698496905,2500086,0,641.4817922263475,555,966,2915,6735,15959,106367,hash-direct-reserve-r2-direct-hmset-a-c256-measured.log,27cc54427b8ae6fd0384884b99e0ee76308481a57dbf4059d230b11bfd9cf9d6,bdccd7093b0bb745d29c347e1e610ba5023392b8da994adf9270c5c5f1391ac1
reserve,A,2,direct,0,256,UPDATE,368405.5408193339,184196.43383436487,2499914,0,661.9731322757502,572,1012,3047,6739,11151,105279,hash-direct-reserve-r2-direct-hmset-a-c256-measured.log,27cc54427b8ae6fd0384884b99e0ee76308481a57dbf4059d230b11bfd9cf9d6,bdccd7093b0bb745d29c347e1e610ba5023392b8da994adf9270c5c5f1391ac1
reserve,A,2,direct,0,256,Intended-UPDATE,368405.5408193339,184196.43383436487,2499914,0,662.0064878231811,572,1012,3047,6739,11151,105279,hash-direct-reserve-r2-direct-hmset-a-c256-measured.log,27cc54427b8ae6fd0384884b99e0ee76308481a57dbf4059d230b11bfd9cf9d6,bdccd7093b0bb745d29c347e1e610ba5023392b8da994adf9270c5c5f1391ac1
reserve,A,2,reserve,100000,256,READ,99748.63344372182,49885.90751306707,2500581,0,337.8331623730645,315,408,677,3809,7207,27967,hash-direct-reserve-r2-reserve-hmset-a-c256-target100000-measured.log,cb792df98ab279c7e8e51384d95824029876aee3fbadb2d70dd2199e2a947156,b529e11762978bd958e08d565b16eea9e150e0bb75c605f9337c01ca5831878f
reserve,A,2,reserve,100000,256,Intended-READ,99748.63344372182,49885.90751306707,2500581,0,434.661027177284,373,471,1150,9231,54495,80319,hash-direct-reserve-r2-reserve-hmset-a-c256-target100000-measured.log,cb792df98ab279c7e8e51384d95824029876aee3fbadb2d70dd2199e2a947156,b529e11762978bd958e08d565b16eea9e150e0bb75c605f9337c01ca5831878f
reserve,A,2,reserve,100000,256,UPDATE,99748.63344372182,49862.72593065475,2499419,0,352.87659932168236,327,424,784,4021,7483,28879,hash-direct-reserve-r2-reserve-hmset-a-c256-target100000-measured.log,cb792df98ab279c7e8e51384d95824029876aee3fbadb2d70dd2199e2a947156,b529e11762978bd958e08d565b16eea9e150e0bb75c605f9337c01ca5831878f
reserve,A,2,reserve,100000,256,Intended-UPDATE,99748.63344372182,49862.72593065475,2499419,0,450.21690040765475,386,487,1203,9943,57375,84351,hash-direct-reserve-r2-reserve-hmset-a-c256-target100000-measured.log,cb792df98ab279c7e8e51384d95824029876aee3fbadb2d70dd2199e2a947156,b529e11762978bd958e08d565b16eea9e150e0bb75c605f9337c01ca5831878f
reserve,A,2,reserve,0,256,READ,371333.0857779428,185595.09840326774,2499038,0,635.5632847519726,554,955,2801,6815,13527,44927,hash-direct-reserve-r2-reserve-hmset-a-c256-measured.log,9555a8d80bd5895e6cc5ce2d891d660f7060d2917e33f521d9975aed89d39585,b529e11762978bd958e08d565b16eea9e150e0bb75c605f9337c01ca5831878f
reserve,A,2,reserve,0,256,Intended-READ,371333.0857779428,185595.09840326774,2499038,0,635.5966884056985,554,955,2801,6815,13527,44927,hash-direct-reserve-r2-reserve-hmset-a-c256-measured.log,9555a8d80bd5895e6cc5ce2d891d660f7060d2917e33f521d9975aed89d39585,b529e11762978bd958e08d565b16eea9e150e0bb75c605f9337c01ca5831878f
reserve,A,2,reserve,0,256,UPDATE,371333.0857779428,185737.98737467508,2500962,0,657.2655798048911,570,997,2901,6907,16943,45535,hash-direct-reserve-r2-reserve-hmset-a-c256-measured.log,9555a8d80bd5895e6cc5ce2d891d660f7060d2917e33f521d9975aed89d39585,b529e11762978bd958e08d565b16eea9e150e0bb75c605f9337c01ca5831878f
reserve,A,2,reserve,0,256,Intended-UPDATE,371333.0857779428,185737.98737467508,2500962,0,657.2989053812094,570,997,2901,6907,16943,45535,hash-direct-reserve-r2-reserve-hmset-a-c256-measured.log,9555a8d80bd5895e6cc5ce2d891d660f7060d2917e33f521d9975aed89d39585,b529e11762978bd958e08d565b16eea9e150e0bb75c605f9337c01ca5831878f
reserve,A,3,direct,100000,256,READ,99798.40721742081,49882.217919802,2499149,0,344.0927307655526,316,407,702,4975,22191,27247,hash-direct-reserve-r3-direct-hmset-a-c256-target100000-measured.log,5c8d68b88cd052d538660a157c1bc2cb7c47259da42d1823a943ae212db528e2,bdccd7093b0bb745d29c347e1e610ba5023392b8da994adf9270c5c5f1391ac1
reserve,A,3,direct,100000,256,Intended-READ,99798.40721742081,49882.217919802,2499149,0,448.01868035879414,375,471,1643,16559,28655,44927,hash-direct-reserve-r3-direct-hmset-a-c256-target100000-measured.log,5c8d68b88cd052d538660a157c1bc2cb7c47259da42d1823a943ae212db528e2,bdccd7093b0bb745d29c347e1e610ba5023392b8da994adf9270c5c5f1391ac1
reserve,A,3,direct,100000,256,UPDATE,99798.40721742081,49916.18929761881,2500851,0,359.4337971354551,328,424,803,5119,22959,26527,hash-direct-reserve-r3-direct-hmset-a-c256-target100000-measured.log,5c8d68b88cd052d538660a157c1bc2cb7c47259da42d1823a943ae212db528e2,bdccd7093b0bb745d29c347e1e610ba5023392b8da994adf9270c5c5f1391ac1
reserve,A,3,direct,100000,256,Intended-UPDATE,99798.40721742081,49916.18929761881,2500851,0,464.3911068672224,387,488,1802,17023,30159,47071,hash-direct-reserve-r3-direct-hmset-a-c256-target100000-measured.log,5c8d68b88cd052d538660a157c1bc2cb7c47259da42d1823a943ae212db528e2,bdccd7093b0bb745d29c347e1e610ba5023392b8da994adf9270c5c5f1391ac1
reserve,A,3,direct,0,256,READ,366757.1334262451,183306.60896354433,2499019,0,639.0663668423489,556,974,2909,6711,10191,83391,hash-direct-reserve-r3-direct-hmset-a-c256-measured.log,890a04b4bc31f2adb793d7391758464f1b270578edd2c3813b74b07f97c3ba40,bdccd7093b0bb745d29c347e1e610ba5023392b8da994adf9270c5c5f1391ac1
reserve,A,3,direct,0,256,Intended-READ,366757.1334262451,183306.60896354433,2499019,0,639.0990312598664,556,974,2909,6711,10191,83391,hash-direct-reserve-r3-direct-hmset-a-c256-measured.log,890a04b4bc31f2adb793d7391758464f1b270578edd2c3813b74b07f97c3ba40,bdccd7093b0bb745d29c347e1e610ba5023392b8da994adf9270c5c5f1391ac1
reserve,A,3,direct,0,256,UPDATE,366757.1334262451,183450.5244627008,2500981,0,659.5145021093723,572,1009,3003,6763,10479,89151,hash-direct-reserve-r3-direct-hmset-a-c256-measured.log,890a04b4bc31f2adb793d7391758464f1b270578edd2c3813b74b07f97c3ba40,bdccd7093b0bb745d29c347e1e610ba5023392b8da994adf9270c5c5f1391ac1
reserve,A,3,direct,0,256,Intended-UPDATE,366757.1334262451,183450.5244627008,2500981,0,659.5483524265078,572,1009,3003,6763,10479,89151,hash-direct-reserve-r3-direct-hmset-a-c256-measured.log,890a04b4bc31f2adb793d7391758464f1b270578edd2c3813b74b07f97c3ba40,bdccd7093b0bb745d29c347e1e610ba5023392b8da994adf9270c5c5f1391ac1
reserve,A,3,reserve,100000,256,READ,99736.69512487034,49863.32083300088,2499748,0,336.2932775623783,314,408,626,3839,7163,23711,hash-direct-reserve-r3-reserve-hmset-a-c256-target100000-measured.log,a7d3459a19f055f477b7240143bd7426b74d27422df924f3e86d2ff555f3d4e0,b529e11762978bd958e08d565b16eea9e150e0bb75c605f9337c01ca5831878f
reserve,A,3,reserve,100000,256,Intended-READ,99736.69512487034,49863.32083300088,2499748,0,444.6597565034555,373,471,1123,16255,65247,105343,hash-direct-reserve-r3-reserve-hmset-a-c256-target100000-measured.log,a7d3459a19f055f477b7240143bd7426b74d27422df924f3e86d2ff555f3d4e0,b529e11762978bd958e08d565b16eea9e150e0bb75c605f9337c01ca5831878f
reserve,A,3,reserve,100000,256,UPDATE,99736.69512487034,49873.37429186946,2500252,0,350.1073291812185,327,425,686,3873,7447,31007,hash-direct-reserve-r3-reserve-hmset-a-c256-target100000-measured.log,a7d3459a19f055f477b7240143bd7426b74d27422df924f3e86d2ff555f3d4e0,b529e11762978bd958e08d565b16eea9e150e0bb75c605f9337c01ca5831878f
reserve,A,3,reserve,100000,256,Intended-UPDATE,99736.69512487034,49873.37429186946,2500252,0,460.5985480663549,385,487,1151,18767,68031,106751,hash-direct-reserve-r3-reserve-hmset-a-c256-target100000-measured.log,a7d3459a19f055f477b7240143bd7426b74d27422df924f3e86d2ff555f3d4e0,b529e11762978bd958e08d565b16eea9e150e0bb75c605f9337c01ca5831878f
reserve,A,3,reserve,0,256,READ,366649.5563540368,183394.44159272566,2500950,0,634.818400607769,553,955,2977,6803,15431,46431,hash-direct-reserve-r3-reserve-hmset-a-c256-measured.log,272f7da37b37af111aa32e72765e692a4e8a4c3c04265a05bbc8faf17cd3fa6c,b529e11762978bd958e08d565b16eea9e150e0bb75c605f9337c01ca5831878f
reserve,A,3,reserve,0,256,Intended-READ,366649.5563540368,183394.44159272566,2500950,0,634.8590179731702,553,955,2977,6803,15431,46431,hash-direct-reserve-r3-reserve-hmset-a-c256-measured.log,272f7da37b37af111aa32e72765e692a4e8a4c3c04265a05bbc8faf17cd3fa6c,b529e11762978bd958e08d565b16eea9e150e0bb75c605f9337c01ca5831878f
reserve,A,3,reserve,0,256,UPDATE,366649.5563540368,183255.11476131112,2499050,0,655.3953506332406,568,992,3087,6883,15927,121983,hash-direct-reserve-r3-reserve-hmset-a-c256-measured.log,272f7da37b37af111aa32e72765e692a4e8a4c3c04265a05bbc8faf17cd3fa6c,b529e11762978bd958e08d565b16eea9e150e0bb75c605f9337c01ca5831878f
reserve,A,3,reserve,0,256,Intended-UPDATE,366649.5563540368,183255.11476131112,2499050,0,655.4287545267201,568,992,3087,6883,15927,121983,hash-direct-reserve-r3-reserve-hmset-a-c256-measured.log,272f7da37b37af111aa32e72765e692a4e8a4c3c04265a05bbc8faf17cd3fa6c,b529e11762978bd958e08d565b16eea9e150e0bb75c605f9337c01ca5831878f
