round,variant,target,workers,histogram,qps,count,failed,avg_us,p50_us,p95_us,p99_us,p999_us,p9999_us,max_us,log,sha256,binary_sha256
1,baseline,100000,256,READ,99808.36793356756,5000000,0,330.461356,314,436,534,989,2585,16255,hash-move-r1-baseline-hmset-c-c256-target100000-measured.log,e37d0fe480cb0b5c87f01da257ae917550586cda05a00d5fe190e845cef8a28b,4c8debe4371d7a5e8ad1ac026bcf8934ad9ad139eedfda70878c860e6862cb48
1,baseline,100000,256,Intended-READ,99808.36793356756,5000000,0,400.8127916,373,497,615,1529,39967,62783,hash-move-r1-baseline-hmset-c-c256-target100000-measured.log,e37d0fe480cb0b5c87f01da257ae917550586cda05a00d5fe190e845cef8a28b,4c8debe4371d7a5e8ad1ac026bcf8934ad9ad139eedfda70878c860e6862cb48
1,baseline,0,256,READ,450572.2267279445,5000000,0,525.7584516,501,704,1126,3189,11015,50751,hash-move-r1-baseline-hmset-c-c256-measured.log,d92fbb9380465824637e38dd89e30c35b736563ba926f673374208d9f7744874,4c8debe4371d7a5e8ad1ac026bcf8934ad9ad139eedfda70878c860e6862cb48
1,baseline,0,256,Intended-READ,450572.2267279445,5000000,0,525.7930126,501,704,1126,3189,11015,50751,hash-move-r1-baseline-hmset-c-c256-measured.log,d92fbb9380465824637e38dd89e30c35b736563ba926f673374208d9f7744874,4c8debe4371d7a5e8ad1ac026bcf8934ad9ad139eedfda70878c860e6862cb48
1,move,100000,256,READ,99794.42348761551,5000000,0,331.2862956,317,430,508,1078,2673,12647,hash-move-r1-move-hmset-c-c256-target100000-measured.log,b0947feef8a31906a9cac5d16f39841a79f201e9f19fc0105d25812e247e000e,5d2c6ef77c77240eb01cf15d70eec0a5629b29d7477f28f1cf9a2278ad7dbe9c
1,move,100000,256,Intended-READ,99794.42348761551,5000000,0,405.6501324,376,491,582,2079,46335,75391,hash-move-r1-move-hmset-c-c256-target100000-measured.log,b0947feef8a31906a9cac5d16f39841a79f201e9f19fc0105d25812e247e000e,5d2c6ef77c77240eb01cf15d70eec0a5629b29d7477f28f1cf9a2278ad7dbe9c
1,move,0,256,READ,454752.16007276037,5000000,0,517.0446708,495,689,1026,3065,7351,44095,hash-move-r1-move-hmset-c-c256-measured.log,a8f23a9ec94a714bf530cc060512c3ffa300972d90e968447150c92e0a1e8a30,5d2c6ef77c77240eb01cf15d70eec0a5629b29d7477f28f1cf9a2278ad7dbe9c
1,move,0,256,Intended-READ,454752.16007276037,5000000,0,517.080292,495,689,1026,3065,7351,44095,hash-move-r1-move-hmset-c-c256-measured.log,a8f23a9ec94a714bf530cc060512c3ffa300972d90e968447150c92e0a1e8a30,5d2c6ef77c77240eb01cf15d70eec0a5629b29d7477f28f1cf9a2278ad7dbe9c
2,baseline,100000,256,READ,99756.59391085751,5000000,0,332.675378,314,424,507,2543,5383,44063,hash-move-r2-baseline-hmset-c-c256-target100000-measured.log,f29f6c14f2cc83ea1dcf88c01e7534c14643a656d74b5af94c04d622e4e9fe42,4c8debe4371d7a5e8ad1ac026bcf8934ad9ad139eedfda70878c860e6862cb48
2,baseline,100000,256,Intended-READ,99756.59391085751,5000000,0,461.483221,373,485,596,21215,100543,149375,hash-move-r2-baseline-hmset-c-c256-target100000-measured.log,f29f6c14f2cc83ea1dcf88c01e7534c14643a656d74b5af94c04d622e4e9fe42,4c8debe4371d7a5e8ad1ac026bcf8934ad9ad139eedfda70878c860e6862cb48
2,baseline,0,256,READ,452898.5507246377,5000000,0,521.5543116,500,697,966,3691,7651,29039,hash-move-r2-baseline-hmset-c-c256-measured.log,60d6768f24ca96d553afde8d528b20ab97e409f5df316debad455bed8e346fba,4c8debe4371d7a5e8ad1ac026bcf8934ad9ad139eedfda70878c860e6862cb48
2,baseline,0,256,Intended-READ,452898.5507246377,5000000,0,521.5894436,500,697,966,3691,7651,29039,hash-move-r2-baseline-hmset-c-c256-measured.log,60d6768f24ca96d553afde8d528b20ab97e409f5df316debad455bed8e346fba,4c8debe4371d7a5e8ad1ac026bcf8934ad9ad139eedfda70878c860e6862cb48
2,move,100000,256,READ,99790.44007584073,5000000,0,329.6005682,317,422,486,982,2599,22447,hash-move-r2-move-hmset-c-c256-target100000-measured.log,14c4593f50dd5b301b0440a2ae1a06aa03bf2c8499c80db337d353b74e5fa2f6,5d2c6ef77c77240eb01cf15d70eec0a5629b29d7477f28f1cf9a2278ad7dbe9c
2,move,100000,256,Intended-READ,99790.44007584073,5000000,0,392.4265578,376,482,555,1414,14343,44767,hash-move-r2-move-hmset-c-c256-target100000-measured.log,14c4593f50dd5b301b0440a2ae1a06aa03bf2c8499c80db337d353b74e5fa2f6,5d2c6ef77c77240eb01cf15d70eec0a5629b29d7477f28f1cf9a2278ad7dbe9c
2,move,0,256,READ,444642.06313917297,5000000,0,534.704651,501,736,1290,3519,13639,70975,hash-move-r2-move-hmset-c-c256-measured.log,b55ba03cac57690671af2da859123f74a24e0ddc90e00e3a81573e5e866ef30d,5d2c6ef77c77240eb01cf15d70eec0a5629b29d7477f28f1cf9a2278ad7dbe9c
2,move,0,256,Intended-READ,444642.06313917297,5000000,0,534.7410354,501,736,1290,3519,13639,70975,hash-move-r2-move-hmset-c-c256-measured.log,b55ba03cac57690671af2da859123f74a24e0ddc90e00e3a81573e5e866ef30d,5d2c6ef77c77240eb01cf15d70eec0a5629b29d7477f28f1cf9a2278ad7dbe9c
3,baseline,100000,256,READ,99619.45368691598,5000000,0,335.5987542,320,441,519,1044,2679,63679,hash-move-r3-baseline-hmset-c-c256-target100000-measured.log,c976195ba289c98a0088c5121501f92d76b1bcc5eea84864308fdb92fb93ef9a,4c8debe4371d7a5e8ad1ac026bcf8934ad9ad139eedfda70878c860e6862cb48
3,baseline,100000,256,Intended-READ,99619.45368691598,5000000,0,419.6337326,378,501,593,3287,54079,77055,hash-move-r3-baseline-hmset-c-c256-target100000-measured.log,c976195ba289c98a0088c5121501f92d76b1bcc5eea84864308fdb92fb93ef9a,4c8debe4371d7a5e8ad1ac026bcf8934ad9ad139eedfda70878c860e6862cb48
3,baseline,0,256,READ,434329.3954134816,5000000,0,544.2425196,505,777,1336,3897,15823,55903,hash-move-r3-baseline-hmset-c-c256-measured.log,43f97184879235871303e64dfc6b7f04ffef80858df1d4abe598235a36aee13c,4c8debe4371d7a5e8ad1ac026bcf8934ad9ad139eedfda70878c860e6862cb48
3,baseline,0,256,Intended-READ,434329.3954134816,5000000,0,544.27701,505,777,1336,3897,15823,55903,hash-move-r3-baseline-hmset-c-c256-measured.log,43f97184879235871303e64dfc6b7f04ffef80858df1d4abe598235a36aee13c,4c8debe4371d7a5e8ad1ac026bcf8934ad9ad139eedfda70878c860e6862cb48
3,move,100000,256,READ,99806.37563127532,5000000,0,334.1674538,319,440,529,1027,2427,26591,hash-move-r3-move-hmset-c-c256-target100000-measured.log,7831b264f9360b0e72250b784cdd3c2bd442db3e56548875e766376e563efbb3,5d2c6ef77c77240eb01cf15d70eec0a5629b29d7477f28f1cf9a2278ad7dbe9c
3,move,100000,256,Intended-READ,99806.37563127532,5000000,0,414.6416052,378,501,604,2431,51519,81855,hash-move-r3-move-hmset-c-c256-target100000-measured.log,7831b264f9360b0e72250b784cdd3c2bd442db3e56548875e766376e563efbb3,5d2c6ef77c77240eb01cf15d70eec0a5629b29d7477f28f1cf9a2278ad7dbe9c
3,move,0,256,READ,456370.93829864915,5000000,0,518.5964144,496,695,1018,3101,7415,57567,hash-move-r3-move-hmset-c-c256-measured.log,ce389fe69b2948f114cf66dd94d693a1760207022d808fc9d535088fe6e7b25d,5d2c6ef77c77240eb01cf15d70eec0a5629b29d7477f28f1cf9a2278ad7dbe9c
3,move,0,256,Intended-READ,456370.93829864915,5000000,0,518.6324062,496,695,1018,3101,7415,57567,hash-move-r3-move-hmset-c-c256-measured.log,ce389fe69b2948f114cf66dd94d693a1760207022d808fc9d535088fe6e7b25d,5d2c6ef77c77240eb01cf15d70eec0a5629b29d7477f28f1cf9a2278ad7dbe9c
