case,comparison,before_label,after_label,expected_repeats,status,issues,median_speedup,median_time_reduction_pct,median_paired_speedup,median_paired_time_reduction_pct,chunks_all_seconds,chunks_median_seconds,records_all_seconds,records_median_seconds,main_all_seconds,main_median_seconds
large-hash-128m-f1-rtt20,chunks,main,chunks,3,ready,[],1.2275561507070267,18.537331312784577,1.2374237132165808,19.18693739910782,"[16.75113622006029, 16.600500133819878, 17.18405284313485]",16.75113622006029,,,"[20.728253182023764, 20.562960298266262, 20.16714191623032]",20.562960298266262
large-hash-128m-f1-rtt5,chunks,main,chunks,3,ready,[],1.1586630994206268,13.693635319875474,1.1174323803821764,10.509126318857264,"[12.330337835941464, 13.277931082062423, 12.2749002892524]",12.330337835941464,,,"[15.140798932872713, 14.28670745389536, 13.716371049173176]",14.28670745389536
large-live-128m-f1-rtt20-queue32,chunks,main,chunks,3,ready,[],1.2999574694321716,23.07440639294104,1.2999574694321716,23.07440639294104,"[10.540653789881617, 10.385449204128236, 10.575923873111606]",10.540653789881617,,,"[13.702401626855135, 13.899252730887383, 13.412557794246823]",13.702401626855135
large-live-128m-f1-rtt5,chunks,main,chunks,3,ready,[],1.1087878896820234,9.811424772435185,1.1002428874466597,9.110978002256754,"[4.745168681256473, 5.275746603962034, 4.788034750614315]",4.788034750614315,,,"[5.3478599498048425, 5.30891494685784, 5.268001179210842]",5.30891494685784
large-live-128m-f1-rtt5-queue32,chunks,main,chunks,3,ready,[],1.1561661905656155,13.507244186860056,1.061417133807856,5.786333369946717,"[4.844441724009812, 4.890423671808094, 5.402073108125478]",4.890423671808094,,,"[4.821895611938089, 5.654142506886274, 5.733852955047041]",5.654142506886274
large-string-128m-f1-rtt0,chunks,main,chunks,3,ready,[],1.049640861997652,4.729318740809763,1.0896821719189498,8.230121977770622,"[2.330041088629514, 2.3504091519862413, 2.2236978160217404]",2.330041088629514,,,"[2.5743554309010506, 2.445706336759031, 2.423123865853995]",2.445706336759031
large-string-128m-f1-rtt0-nocap,chunks,main,chunks,3,ready,[],0.9878308483338795,-1.2319064227084509,0.9878308483338795,-1.2319064227084509,"[2.3972615068778396, 2.4028316969051957, 2.7017180491238832]",2.4028316969051957,,,"[2.5840788120403886, 2.3735912735573947, 2.278723101131618]",2.3735912735573947
large-string-128m-f1-rtt1,chunks,main,chunks,3,ready,[],1.1344027056880956,11.847883032557737,1.1554229997421632,13.451610343298203,"[2.8366322102956474, 3.025944468099624, 2.785026137717068]",2.8366322102956474,,,"[3.4783475501462817, 3.0658794143237174, 3.217883254401386]",3.217883254401386
large-string-128m-f1-rtt20,chunks,main,chunks,3,ready,[],1.1569705892838538,13.5673793904317,1.1569705892838538,13.5673793904317,"[9.501104417722672, 8.70262661576271, 9.01662816805765]",9.01662816805765,,,"[10.746538276784122, 10.103292533196509, 10.431973604951054]",10.431973604951054
large-string-128m-f1-rtt20-nocap,chunks,main,chunks,3,ready,[],1.1003317838553461,9.118320976224403,1.1003317838553461,9.118320976224403,"[9.183584729209542, 8.540609997231513, 9.032356702722609]",9.032356702722609,,,"[9.790150080341846, 9.983127904124558, 9.938589163124561]",9.938589163124561
large-string-128m-f1-rtt5,chunks,main,chunks,3,ready,[],1.1463050491097864,12.763186310956753,1.127034206587449,11.27154844501982,"[4.155975993257016, 4.22703786380589, 3.960540111642331]",4.155975993257016,,,"[4.469084701966494, 4.764016265049577, 4.808880536817014]",4.764016265049577
large-string-128m-f4-rtt20,chunks,main,chunks,3,ready,[],1.0480237277140334,4.582313018693151,1.0480237277140334,4.582313018693151,"[3.300790011882782, 3.2289041080512106, 3.58394455909729]",3.300790011882782,,,"[3.459306252654642, 3.6217351309023798, 3.1836139890365303]",3.459306252654642
large-string-128m-f4-rtt5,chunks,main,chunks,3,ready,[],0.8775717953763573,-13.950790723753581,0.8883718617939712,-12.565474325200698,"[2.2727269819006324, 2.295260305982083, 2.2450971081852913]",2.2727269819006324,,,"[2.5770219801925123, 1.6669827387668192, 1.994481097906828]",1.994481097906828
large-string-128m-f4-rtt5-nocap,chunks,main,chunks,3,ready,[],1.2706267602405883,21.298682564291827,1.2597074111414028,20.616486720998616,"[1.5880847722291946, 1.5628906688652933, 1.6419617808423936]",1.5880847722291946,,,"[2.0178630091249943, 1.8232160178013146, 2.068391424138099]",2.0178630091249943
