case,label,repeat,flows,records_frames,records_wire_bytes,partition_db_groups,single_frame_groups,multiple_frame_groups,min_frames_per_group,median_frames_per_group,max_frames_per_group,repeated_large_keys,full_command_frames,full_command_native_bytes,reset_frames,handoff_frames,all_native_frame_bytes
large-hash-128m-f1-rtt20,chunks,1,1,76,137108692,4,0,4,19,19.0,19,0,1,101,256,16384,139800949
large-hash-128m-f1-rtt20,chunks,2,1,76,137108692,4,0,4,19,19.0,19,0,1,101,256,16384,139800949
large-hash-128m-f1-rtt20,chunks,3,1,76,137108692,4,0,4,19,19.0,19,0,1,101,256,16384,139800949
large-hash-128m-f1-rtt20,main,1,1,76,137108692,4,0,4,19,19.0,19,0,1,101,256,16384,139800949
large-hash-128m-f1-rtt20,main,2,1,76,137108692,4,0,4,19,19.0,19,0,1,101,256,16384,139800949
large-hash-128m-f1-rtt20,main,3,1,76,137108692,4,0,4,19,19.0,19,0,1,101,256,16384,139800949
large-hash-128m-f1-rtt5,chunks,1,1,76,137108692,4,0,4,19,19.0,19,0,1,101,256,16384,139800949
large-hash-128m-f1-rtt5,chunks,2,1,76,137108692,4,0,4,19,19.0,19,0,1,101,256,16384,139800949
large-hash-128m-f1-rtt5,chunks,3,1,76,137108692,4,0,4,19,19.0,19,0,1,101,256,16384,139800949
large-hash-128m-f1-rtt5,main,1,1,76,137108692,4,0,4,19,19.0,19,0,1,101,256,16384,139800949
large-hash-128m-f1-rtt5,main,2,1,76,137108692,4,0,4,19,19.0,19,0,1,101,256,16384,139800949
large-hash-128m-f1-rtt5,main,3,1,76,137108692,4,0,4,19,19.0,19,0,1,101,256,16384,139800949
large-live-128m-f1-rtt20-queue32,chunks,1,1,130,218116262,8,0,8,10,20.0,20,5,1,101,256,16384,220808519
large-live-128m-f1-rtt20-queue32,chunks,2,1,130,218116262,8,0,8,10,20.0,20,5,1,101,256,16384,220808519
large-live-128m-f1-rtt20-queue32,chunks,3,1,130,218116262,8,0,8,10,20.0,20,5,1,101,256,16384,220808519
large-live-128m-f1-rtt20-queue32,main,1,1,150,251672610,8,0,8,10,20.0,30,6,1,101,256,16384,254364867
large-live-128m-f1-rtt20-queue32,main,2,1,150,251672610,8,0,8,10,20.0,30,6,1,101,256,16384,271142301
large-live-128m-f1-rtt20-queue32,main,3,1,150,251672610,8,0,8,10,20.0,30,6,1,101,256,16384,254364867
large-live-128m-f1-rtt5,chunks,1,1,100,167781740,8,0,8,10,10.0,20,2,1,101,256,16384,170473997
large-live-128m-f1-rtt5,chunks,2,1,120,201338088,8,0,8,10,15.0,20,4,1,101,256,16384,204030345
large-live-128m-f1-rtt5,chunks,3,1,80,134225392,8,0,8,10,10.0,10,0,1,101,256,16384,136917649
large-live-128m-f1-rtt5,main,1,1,100,167781740,8,0,8,10,10.0,20,2,1,101,256,16384,170473997
large-live-128m-f1-rtt5,main,2,1,110,184559914,8,0,8,10,10.0,20,3,1,101,256,16384,187252171
large-live-128m-f1-rtt5,main,3,1,90,151003566,8,0,8,10,10.0,20,1,1,101,256,16384,153695823
large-live-128m-f1-rtt5-queue32,chunks,1,1,110,184559914,8,0,8,10,10.0,20,3,1,101,256,16384,204029605
large-live-128m-f1-rtt5-queue32,chunks,2,1,100,167781740,8,0,8,10,10.0,20,2,1,101,256,16384,187251431
large-live-128m-f1-rtt5-queue32,chunks,3,1,100,167781740,8,0,8,10,10.0,20,2,1,101,256,16384,170473997
large-live-128m-f1-rtt5-queue32,main,1,1,100,167781740,8,0,8,10,10.0,20,2,1,101,256,16384,170473997
large-live-128m-f1-rtt5-queue32,main,2,1,100,167781740,8,0,8,10,10.0,20,2,1,101,256,16384,170473997
large-live-128m-f1-rtt5-queue32,main,3,1,110,184559914,8,0,8,10,10.0,20,3,1,101,256,16384,187252171
large-string-128m-f1-rtt0,chunks,1,1,80,134225392,8,0,8,10,10.0,10,0,1,101,256,16384,136917649
large-string-128m-f1-rtt0,chunks,2,1,80,134225392,8,0,8,10,10.0,10,0,1,101,256,16384,136917649
large-string-128m-f1-rtt0,chunks,3,1,80,134225392,8,0,8,10,10.0,10,0,1,101,256,16384,136917649
large-string-128m-f1-rtt0,main,1,1,80,134225392,8,0,8,10,10.0,10,0,1,101,256,16384,136917649
large-string-128m-f1-rtt0,main,2,1,80,134225392,8,0,8,10,10.0,10,0,1,101,256,16384,136917649
large-string-128m-f1-rtt0,main,3,1,80,134225392,8,0,8,10,10.0,10,0,1,101,256,16384,136917649
large-string-128m-f1-rtt1,chunks,1,1,80,134225392,8,0,8,10,10.0,10,0,1,101,256,16384,136917649
large-string-128m-f1-rtt1,chunks,2,1,80,134225392,8,0,8,10,10.0,10,0,1,101,256,16384,136917649
large-string-128m-f1-rtt1,chunks,3,1,80,134225392,8,0,8,10,10.0,10,0,1,101,256,16384,136917649
large-string-128m-f1-rtt1,main,1,1,80,134225392,8,0,8,10,10.0,10,0,1,101,256,16384,136917649
large-string-128m-f1-rtt1,main,2,1,80,134225392,8,0,8,10,10.0,10,0,1,101,256,16384,136917649
large-string-128m-f1-rtt1,main,3,1,80,134225392,8,0,8,10,10.0,10,0,1,101,256,16384,136917649
large-string-128m-f1-rtt20,chunks,1,1,80,134225392,8,0,8,10,10.0,10,0,1,101,256,16384,136917649
large-string-128m-f1-rtt20,chunks,2,1,80,134225392,8,0,8,10,10.0,10,0,1,101,256,16384,136917649
large-string-128m-f1-rtt20,chunks,3,1,80,134225392,8,0,8,10,10.0,10,0,1,101,256,16384,136917649
large-string-128m-f1-rtt20,main,1,1,80,134225392,8,0,8,10,10.0,10,0,1,101,256,16384,136917649
large-string-128m-f1-rtt20,main,2,1,80,134225392,8,0,8,10,10.0,10,0,1,101,256,16384,136917649
large-string-128m-f1-rtt20,main,3,1,80,134225392,8,0,8,10,10.0,10,0,1,101,256,16384,136917649
large-string-128m-f1-rtt5,chunks,1,1,80,134225392,8,0,8,10,10.0,10,0,1,101,256,16384,136917649
large-string-128m-f1-rtt5,chunks,2,1,80,134225392,8,0,8,10,10.0,10,0,1,101,256,16384,136917649
large-string-128m-f1-rtt5,chunks,3,1,80,134225392,8,0,8,10,10.0,10,0,1,101,256,16384,136917649
large-string-128m-f1-rtt5,main,1,1,80,134225392,8,0,8,10,10.0,10,0,1,101,256,16384,136917649
large-string-128m-f1-rtt5,main,2,1,80,134225392,8,0,8,10,10.0,10,0,1,101,256,16384,136917649
large-string-128m-f1-rtt5,main,3,1,80,134225392,8,0,8,10,10.0,10,0,1,101,256,16384,136917649
large-string-128m-f4-rtt20,chunks,1,4,80,134225392,8,0,8,10,10.0,10,0,1,101,256,16384,136917829
large-string-128m-f4-rtt20,chunks,2,4,80,134225392,8,0,8,10,10.0,10,0,1,101,256,16384,136917829
large-string-128m-f4-rtt20,chunks,3,4,80,134225392,8,0,8,10,10.0,10,0,1,101,256,16384,136917829
large-string-128m-f4-rtt20,main,1,4,80,134225392,8,0,8,10,10.0,10,0,1,101,256,16384,136917829
large-string-128m-f4-rtt20,main,2,4,80,134225392,8,0,8,10,10.0,10,0,1,101,256,16384,136917829
large-string-128m-f4-rtt20,main,3,4,80,134225392,8,0,8,10,10.0,10,0,1,101,256,16384,136917829
large-string-128m-f4-rtt5,chunks,1,4,80,134225392,8,0,8,10,10.0,10,0,1,101,256,16384,136917829
large-string-128m-f4-rtt5,chunks,2,4,80,134225392,8,0,8,10,10.0,10,0,1,101,256,16384,136917829
large-string-128m-f4-rtt5,chunks,3,4,80,134225392,8,0,8,10,10.0,10,0,1,101,256,16384,136917829
large-string-128m-f4-rtt5,main,1,4,80,134225392,8,0,8,10,10.0,10,0,1,101,256,16384,136917829
large-string-128m-f4-rtt5,main,2,4,80,134225392,8,0,8,10,10.0,10,0,1,101,256,16384,136917829
large-string-128m-f4-rtt5,main,3,4,80,134225392,8,0,8,10,10.0,10,0,1,101,256,16384,136917829
