case,repeat,label,revision,binary_sha256,full_seconds,seed_payload_bytes,seed_payload_mib_per_full_second,run_dir,workload,keys,value_bytes,members,databases,source_workers,target_workers,rtt_ms,write_rate,writer_mode,observed_ping_p50_ms,observed_ping_p99_ms,writer_begun_count,writer_successful_begun_count,writer_completed_count,writer_completed_qps,writer_crossed_full_end_count,writer_latency_count,writer_latency_p50_ms,writer_latency_median_ms,writer_latency_p99_ms,writer_latency_max_ms,source_full_sample_count,source_rss_sampled_peak_bytes,source_full_queue_sampled_peak_bytes,source_retained_sampled_peak_bytes,source_valid_interval_seconds,source_interval_fraction_of_full,source_cpu_seconds_in_sample_interval,source_average_busy_cores_in_sample_interval,target_full_sample_count,target_rss_sampled_peak_bytes,target_full_queue_sampled_peak_bytes,target_retained_sampled_peak_bytes,target_valid_interval_seconds,target_interval_fraction_of_full,target_cpu_seconds_in_sample_interval,target_average_busy_cores_in_sample_interval,capture_complete,flows,mean_records_frame_wire_bytes,partition_db_group_count,single_frame_partition_db_groups,multiple_frame_partition_db_groups,repeated_large_key_count,record_frames,record_wire_bytes,records_capture_span_seconds,comparison_status,capture,queue_mib,backlog_mib,writer_warmup,source_cpus,target_cpus,client_cpus
large-hash-128m-f1-rtt20,1,chunks,51d03f97fede341fb42c14bd46a9f1aaf416eeb1,c9dae66f6d752823acc72f7d399016d2a14201c6b848ea1aa610e910aaada751,16.75113622006029,136446016,7.768133416485817,/mnt/local_nvme/i131/measurements/large-hash-128m-f1-rtt20/r1-chunks,large-hash,4,1024,32768,[0],1,1,20.0,0,separate-keys,20.102303940802813,20.261583849787712,,,,,,,,,,,30,501612544,0.0,50192697.0,16.282773949671537,0.9720399700512335,2.07,0.12712821576951,30,249212928,0.0,58391006.0,16.282773949671537,0.9720399700512335,3.83,0.2352179064720886,True,1,1804061.7368421052,4,0,4,0,76,137108692,14.062103986740112,ready,True,16,64,0.0,0,1,6-7
large-hash-128m-f1-rtt20,1,main,25e159418603a95c1b2cca68173b329067e3ef48,a056e41003b0c833157fe89737448b6a7715d2c5ba63aa32ad1675b4d643fabc,20.728253182023764,136446016,6.277666520785508,/mnt/local_nvme/i131/measurements/large-hash-128m-f1-rtt20/r1-main,large-hash,4,1024,32768,[0],1,1,20.0,0,separate-keys,20.078119356185198,20.22095024585724,,,,,,,,,,,37,434982912,0.0,50206913.0,20.204092049971223,0.9747127204859157,2.1,0.10393934034778816,37,252628992,0.0,56758558.0,20.204092049971223,0.9747127204859157,3.8,0.18808071110552144,True,1,1804061.7368421052,4,0,4,0,76,137108692,17.79850196838379,ready,True,16,64,0.0,0,1,6-7
large-hash-128m-f1-rtt20,2,chunks,51d03f97fede341fb42c14bd46a9f1aaf416eeb1,c9dae66f6d752823acc72f7d399016d2a14201c6b848ea1aa610e910aaada751,16.600500133819878,136446016,7.838622932212444,/mnt/local_nvme/i131/measurements/large-hash-128m-f1-rtt20/r2-chunks,large-hash,4,1024,32768,[0],1,1,20.0,0,separate-keys,20.202129147946835,20.23231517523527,,,,,,,,,,,29,471138304,0.0,50204201.0,15.72141196904704,0.9470444771129582,2.01,0.12785111184398515,29,265355264,0.0,55078126.0,15.72141196904704,0.9470444771129582,3.86,0.24552502075511576,True,1,1804061.7368421052,4,0,4,0,76,137108692,13.9669189453125,ready,True,16,64,0.0,0,1,6-7
large-hash-128m-f1-rtt20,2,main,25e159418603a95c1b2cca68173b329067e3ef48,a056e41003b0c833157fe89737448b6a7715d2c5ba63aa32ad1675b4d643fabc,20.562960298266262,136446016,6.32812878825271,/mnt/local_nvme/i131/measurements/large-hash-128m-f1-rtt20/r2-main,large-hash,4,1024,32768,[0],1,1,20.0,0,separate-keys,20.09313367307186,20.275203976780176,,,,,,,,,,,36,501501952,0.0,50210081.0,19.643489932641387,0.9552851169146886,2.06,0.10486934893259059,36,253870080,0.0,61006990.0,19.643489932641387,0.9552851169146886,3.74,0.1903938665086839,True,1,1804061.7368421052,4,0,4,0,76,137108692,18.049601078033447,ready,True,16,64,0.0,0,1,6-7
large-hash-128m-f1-rtt20,3,chunks,51d03f97fede341fb42c14bd46a9f1aaf416eeb1,c9dae66f6d752823acc72f7d399016d2a14201c6b848ea1aa610e910aaada751,17.18405284313485,136446016,7.572431382922692,/mnt/local_nvme/i131/measurements/large-hash-128m-f1-rtt20/r3-chunks,large-hash,4,1024,32768,[0],1,1,20.0,0,separate-keys,20.08800581097603,20.227401982992887,,,,,,,,,,,30,501678080,0.0,50173880.0,16.27536530373618,0.9471203011481836,2.01,0.12349953211425511,30,249520128,0.0,53304366.0,16.27536530373618,0.9471203011481836,3.85,0.23655383016909565,True,1,1804061.7368421052,4,0,4,0,76,137108692,14.370930910110474,ready,True,16,64,0.0,0,1,6-7
large-hash-128m-f1-rtt20,3,main,25e159418603a95c1b2cca68173b329067e3ef48,a056e41003b0c833157fe89737448b6a7715d2c5ba63aa32ad1675b4d643fabc,20.16714191623032,136446016,6.4523303091566415,/mnt/local_nvme/i131/measurements/large-hash-128m-f1-rtt20/r3-main,large-hash,4,1024,32768,[0],1,1,20.0,0,separate-keys,20.09859587997198,20.227103028446436,,,,,,,,,,,36,501534720,0.0,50191681.0,19.64552770089358,0.9741354418239627,2.07,0.10536749287247935,36,262975488,0.0,57714142.0,19.64552770089358,0.9741354418239627,3.82,0.19444629119462373,True,1,1804061.7368421052,4,0,4,0,76,137108692,17.670718908309937,ready,True,16,64,0.0,0,1,6-7
large-hash-128m-f1-rtt5,1,chunks,51d03f97fede341fb42c14bd46a9f1aaf416eeb1,c9dae66f6d752823acc72f7d399016d2a14201c6b848ea1aa610e910aaada751,12.330337835941464,136446016,10.553243776975616,/mnt/local_nvme/i131/measurements/large-hash-128m-f1-rtt5/r1-chunks,large-hash,4,1024,32768,[0],1,1,5.0,0,separate-keys,5.041517782956362,5.056119989603758,,,,,,,,,,,24,501485568,0.0,50185241.0,11.878248747903854,0.963335222923104,1.81,0.15237936487223416,24,249589760,0.0,56130110.0,11.878248747903854,0.963335222923104,3.85,0.32412185345751465,True,1,1804061.7368421052,4,0,4,0,76,137108692,10.967625141143799,ready,True,16,64,0.0,0,1,6-7
large-hash-128m-f1-rtt5,1,main,25e159418603a95c1b2cca68173b329067e3ef48,a056e41003b0c833157fe89737448b6a7715d2c5ba63aa32ad1675b4d643fabc,15.140798932872713,136446016,8.594332545598848,/mnt/local_nvme/i131/measurements/large-hash-128m-f1-rtt5/r1-main,large-hash,4,1024,32768,[0],1,1,5.0,0,separate-keys,5.041830241680145,5.047570914030075,,,,,,,,,,,29,501583872,0.0,50195073.0,14.451417488977313,0.9544686217053805,1.87,0.1293990711586822,29,266424320,0.0,55000382.0,14.451417488977313,0.9544686217053805,3.73,0.2581061686748046,True,1,1804061.7368421052,4,0,4,0,76,137108692,13.382372856140137,ready,True,16,64,0.0,0,1,6-7
large-hash-128m-f1-rtt5,2,chunks,51d03f97fede341fb42c14bd46a9f1aaf416eeb1,c9dae66f6d752823acc72f7d399016d2a14201c6b848ea1aa610e910aaada751,13.277931082062423,136446016,9.800100650540829,/mnt/local_nvme/i131/measurements/large-hash-128m-f1-rtt5/r2-chunks,large-hash,4,1024,32768,[0],1,1,5.0,0,separate-keys,5.093373823910952,6.318644154816866,,,,,,,,,,,25,501587968,0.0,50207568.0,12.396337292157114,0.9336045815830237,1.87,0.15085100993364448,25,255348736,0.0,54390958.0,12.396337292157114,0.9336045815830237,3.75,0.30250870975998223,True,1,1804061.7368421052,4,0,4,0,76,137108692,11.417922973632812,ready,True,16,64,0.0,0,1,6-7
large-hash-128m-f1-rtt5,2,main,25e159418603a95c1b2cca68173b329067e3ef48,a056e41003b0c833157fe89737448b6a7715d2c5ba63aa32ad1675b4d643fabc,14.28670745389536,136446016,9.108121059739124,/mnt/local_nvme/i131/measurements/large-hash-128m-f1-rtt5/r2-main,large-hash,4,1024,32768,[0],1,1,5.0,0,separate-keys,5.0422390922904015,5.058322101831436,,,,,,,,,,,27,501420032,0.0,50201809.0,13.42847683466971,0.9399280329638409,1.8,0.13404349742427607,27,250212352,0.0,60381326.0,13.42847683466971,0.9399280329638409,3.66,0.27255511142936134,True,1,1804061.7368421052,4,0,4,0,76,137108692,13.18324899673462,ready,True,16,64,0.0,0,1,6-7
large-hash-128m-f1-rtt5,3,chunks,51d03f97fede341fb42c14bd46a9f1aaf416eeb1,c9dae66f6d752823acc72f7d399016d2a14201c6b848ea1aa610e910aaada751,12.2749002892524,136446016,10.600905748219441,/mnt/local_nvme/i131/measurements/large-hash-128m-f1-rtt5/r3-chunks,large-hash,4,1024,32768,[0],1,1,5.0,0,separate-keys,5.0461688078939915,5.145725794136524,,,,,,,,,,,24,501592064,0.0,50182585.0,11.87216711603105,0.9671905136717099,1.86,0.15666895368145822,24,248045568,0.0,57865086.0,11.87216711603105,0.9671905136717099,3.84,0.32344558179397825,True,1,1804061.7368421052,4,0,4,0,76,137108692,10.801353931427002,ready,True,16,64,0.0,0,1,6-7
large-hash-128m-f1-rtt5,3,main,25e159418603a95c1b2cca68173b329067e3ef48,a056e41003b0c833157fe89737448b6a7715d2c5ba63aa32ad1675b4d643fabc,13.716371049173176,136446016,9.48684317219606,/mnt/local_nvme/i131/measurements/large-hash-128m-f1-rtt5/r3-main,large-hash,4,1024,32768,[0],1,1,5.0,0,separate-keys,5.042564123868942,5.058871582150459,,,,,,,,,,,26,434774016,0.0,50170377.0,12.904696985147893,0.9408244308122439,1.77,0.13715936159036554,26,266641408,0.0,56331646.0,12.904696985147893,0.9408244308122439,3.72,0.28826713283398864,True,1,1804061.7368421052,4,0,4,0,76,137108692,12.498361825942993,ready,True,16,64,0.0,0,1,6-7
large-live-128m-f1-rtt20-queue32,1,chunks,51d03f97fede341fb42c14bd46a9f1aaf416eeb1,c9dae66f6d752823acc72f7d399016d2a14201c6b848ea1aa610e910aaada751,10.540653789881617,134217728,12.143459272220113,/mnt/local_nvme/i131/measurements/large-live-128m-f1-rtt20-queue32/r1-chunks,large-string,8,16777216,32768,[0],1,1,20.0,1.0,transactional-set,20.10752772912383,20.23631101474166,10,10,10,0.9487077556421963,0,10,90.31335730105639,90.35888011567295,216.31856309249997,216.31856309249997,18,432377856,348.0,149608472.0,9.546900120098144,0.9057218186278525,2.47,0.2587227234943156,18,241868800,0.0,21024718.0,9.546900120098144,0.9057218186278525,0.6,0.06284762514031957,True,1,1677817.4,8,0,8,5,130,218116262,9.613677024841309,ready,True,32,64,5.0,0,1,6-7
large-live-128m-f1-rtt20-queue32,1,main,25e159418603a95c1b2cca68173b329067e3ef48,a056e41003b0c833157fe89737448b6a7715d2c5ba63aa32ad1675b4d643fabc,13.702401626855135,134217728,9.341428129586765,/mnt/local_nvme/i131/measurements/large-live-128m-f1-rtt20-queue32/r1-main,large-string,8,16777216,32768,[0],1,1,20.0,1.0,transactional-set,20.083385054022074,20.1966711319983,13,13,13,0.9487387944111557,0,13,96.2589350529015,96.2589350529015,171.6829128563404,171.6829128563404,24,430714880,348.0,132648680.0,12.926190075930208,0.9433521529974978,3.07,0.23750230980407994,24,241704960,0.0,21467070.0,12.926190075930208,0.9433521529974978,0.74,0.05724811376384989,True,1,1677817.4,8,0,8,6,150,251672610,12.644402027130127,ready,True,32,64,5.0,0,1,6-7
large-live-128m-f1-rtt20-queue32,2,chunks,51d03f97fede341fb42c14bd46a9f1aaf416eeb1,c9dae66f6d752823acc72f7d399016d2a14201c6b848ea1aa610e910aaada751,10.385449204128236,134217728,12.324936310806832,/mnt/local_nvme/i131/measurements/large-live-128m-f1-rtt20-queue32/r2-chunks,large-string,8,16777216,32768,[0],1,1,20.0,1.0,transactional-set,20.092206075787544,20.249558612704277,10,10,10,0.9628856492817837,0,10,76.75071293488145,81.53894986025989,515.4021973721683,515.4021973721683,18,429092864,348.0,149608344.0,9.552878186106682,0.9198329314739121,2.72,0.28473094150366723,18,241524736,0.0,21467070.0,9.552878186106682,0.9198329314739121,0.62,0.06490190578392414,True,1,1677817.4,8,0,8,5,130,218116262,9.574028968811035,ready,True,32,64,5.0,0,1,6-7
large-live-128m-f1-rtt20-queue32,2,main,25e159418603a95c1b2cca68173b329067e3ef48,a056e41003b0c833157fe89737448b6a7715d2c5ba63aa32ad1675b4d643fabc,13.899252730887383,134217728,9.209128179643365,/mnt/local_nvme/i131/measurements/large-live-128m-f1-rtt20-queue32/r2-main,large-string,8,16777216,32768,[0],1,1,20.0,1.0,transactional-set,20.19961690530181,20.26251796633005,14,14,14,1.0072483946484931,0,14,91.04108065366745,92.86159742623568,178.93616622313857,178.93616622313857,24,454549504,348.0,132648616.0,12.926542534958571,0.9300170869066059,2.97,0.22975981334281192,24,241545216,0.0,21467070.0,12.926542534958571,0.9300170869066059,0.73,0.05647295075429384,True,1,1677817.4,8,0,8,6,150,251672610,12.644608974456787,ready,True,32,64,5.0,0,1,6-7
large-live-128m-f1-rtt20-queue32,3,chunks,51d03f97fede341fb42c14bd46a9f1aaf416eeb1,c9dae66f6d752823acc72f7d399016d2a14201c6b848ea1aa610e910aaada751,10.575923873111606,134217728,12.102961550756733,/mnt/local_nvme/i131/measurements/large-live-128m-f1-rtt20-queue32/r3-chunks,large-string,8,16777216,32768,[0],1,1,20.0,1.0,transactional-set,20.211530849337578,20.252859219908714,10,10,10,0.9455438711528699,0,10,82.97650795429945,83.55130068957806,490.8884749747813,490.8884749747813,19,440274944,348.0,132598154.0,10.114648667164147,0.9563844056101602,2.69,0.26595090828342116,19,241315840,0.0,20582366.0,10.114648667164147,0.9563844056101602,0.66,0.06525189571266095,True,1,1677817.4,8,0,8,5,130,218116262,9.580947875976562,ready,True,32,64,5.0,0,1,6-7
large-live-128m-f1-rtt20-queue32,3,main,25e159418603a95c1b2cca68173b329067e3ef48,a056e41003b0c833157fe89737448b6a7715d2c5ba63aa32ad1675b4d643fabc,13.412557794246823,134217728,9.543295317982098,/mnt/local_nvme/i131/measurements/large-live-128m-f1-rtt20-queue32/r3-main,large-string,8,16777216,32768,[0],1,1,20.0,1.0,transactional-set,20.10227320715785,20.291434135288,13,13,13,0.9692409307325568,0,13,82.07686617970467,82.07686617970467,208.69344100356102,208.69344100356102,24,459935744,348.0,132648488.0,12.922519763931632,0.9634642371848428,2.99,0.2313790231797876,24,259555328,0.0,21467070.0,12.922519763931632,0.9634642371848428,0.75,0.05803821651666912,True,1,1677817.4,8,0,8,6,150,251672610,12.664294958114624,ready,True,32,64,5.0,0,1,6-7
large-live-128m-f1-rtt5,1,chunks,51d03f97fede341fb42c14bd46a9f1aaf416eeb1,c9dae66f6d752823acc72f7d399016d2a14201c6b848ea1aa610e910aaada751,4.745168681256473,134217728,26.97480502760692,/mnt/local_nvme/i131/measurements/large-live-128m-f1-rtt5/r1-chunks,large-string,8,16777216,32768,[0],1,1,5.0,1.0,transactional-set,5.074980203062296,5.59478672221303,4,4,4,0.8429626571127162,0,4,76.42004312947392,77.47411401942372,86.63120679557323,86.63120679557323,10,400072704,348.0,99058890.0,4.659357453230768,0.9819160848033367,1.4,0.30047061511222944,10,251715584,0.0,20140014.0,4.659357453230768,0.9819160848033367,0.53,0.1137495900067726,True,1,1677817.4,8,0,8,2,100,167781740,3.963102102279663,ready,True,16,64,5.0,0,1,6-7
large-live-128m-f1-rtt5,1,main,25e159418603a95c1b2cca68173b329067e3ef48,a056e41003b0c833157fe89737448b6a7715d2c5ba63aa32ad1675b4d643fabc,5.3478599498048425,134217728,23.934807792539715,/mnt/local_nvme/i131/measurements/large-live-128m-f1-rtt5/r1-main,large-string,8,16777216,32768,[0],1,1,5.0,1.0,transactional-set,5.043579265475273,5.05781127139926,5,5,5,0.9349534293960827,0,5,76.47696323692799,76.47696323692799,158.51288242265582,158.51288242265582,11,400633856,348.0,99051739.0,5.163289385847747,0.965487023652549,1.5,0.2905124791400238,11,249704448,0.0,21467070.0,5.163289385847747,0.965487023652549,0.48,0.0929639933248076,True,1,1677817.4,8,0,8,2,100,167781740,4.878960847854614,ready,True,16,64,5.0,0,1,6-7
large-live-128m-f1-rtt5,2,chunks,51d03f97fede341fb42c14bd46a9f1aaf416eeb1,c9dae66f6d752823acc72f7d399016d2a14201c6b848ea1aa610e910aaada751,5.275746603962034,134217728,24.261968894388,/mnt/local_nvme/i131/measurements/large-live-128m-f1-rtt5/r2-chunks,large-string,8,16777216,32768,[0],1,1,5.0,1.0,transactional-set,5.046876613050699,5.45931700617075,5,5,5,0.9477331599370313,0,5,81.68464573100209,81.68464573100209,168.12134301289916,168.12134301289916,11,423931904,348.0,99485754.0,5.164122660644352,0.9788420574949803,1.78,0.34468584829816973,11,236163072,0.0,20582366.0,5.164122660644352,0.9788420574949803,0.57,0.1103769289494139,True,1,1677817.4,8,0,8,4,120,201338088,4.822153091430664,ready,True,16,64,5.0,0,1,6-7
large-live-128m-f1-rtt5,2,main,25e159418603a95c1b2cca68173b329067e3ef48,a056e41003b0c833157fe89737448b6a7715d2c5ba63aa32ad1675b4d643fabc,5.30891494685784,134217728,24.110388145464395,/mnt/local_nvme/i131/measurements/large-live-128m-f1-rtt5/r2-main,large-string,8,16777216,32768,[0],1,1,5.0,1.0,transactional-set,5.044884048402309,5.072216037660837,5,5,5,0.941812036932203,0,5,95.32176004722714,95.32176004722714,126.56271969899535,126.56271969899535,11,409571328,348.0,99043514.0,5.162570246960968,0.972434160019179,1.69,0.3273563204287334,11,236601344,0.0,21467070.0,5.162570246960968,0.972434160019179,0.53,0.10266204131788682,True,1,1677817.4,8,0,8,3,110,184559914,4.956316947937012,ready,True,16,64,5.0,0,1,6-7
large-live-128m-f1-rtt5,3,chunks,51d03f97fede341fb42c14bd46a9f1aaf416eeb1,c9dae66f6d752823acc72f7d399016d2a14201c6b848ea1aa610e910aaada751,4.788034750614315,134217728,26.73330639122394,/mnt/local_nvme/i131/measurements/large-live-128m-f1-rtt5/r3-chunks,large-string,8,16777216,32768,[0],1,1,5.0,1.0,transactional-set,5.043960642069578,5.060430150479078,4,4,4,0.8354158247257482,0,4,90.74026998132467,97.17437252402306,109.43300276994705,109.43300276994705,10,392474624,0.0,99043722.0,4.653355355840176,0.9718716755852995,1.34,0.2879642532174634,10,240766976,0.0,18812958.0,4.653355355840176,0.9718716755852995,0.46,0.0988534003582337,True,1,1677817.4,8,0,8,0,80,134225392,3.835390090942383,ready,True,16,64,5.0,0,1,6-7
large-live-128m-f1-rtt5,3,main,25e159418603a95c1b2cca68173b329067e3ef48,a056e41003b0c833157fe89737448b6a7715d2c5ba63aa32ad1675b4d643fabc,5.268001179210842,134217728,24.29764072664363,/mnt/local_nvme/i131/measurements/large-live-128m-f1-rtt5/r3-main,large-string,8,16777216,32768,[0],1,1,5.0,1.0,transactional-set,5.042850971221924,5.059529561549425,5,5,6,1.13895190906142,0,5,80.51346382126212,80.51346382126212,86.03820810094476,86.03820810094476,11,438890496,348.0,99051739.0,5.166460243985057,0.9807249596627851,1.44,0.27872081308986935,11,242204672,0.0,21467070.0,5.166460243985057,0.9807249596627851,0.5,0.09677806010064909,True,1,1677817.4,8,0,8,1,90,151003566,4.800729990005493,ready,True,16,64,5.0,0,1,6-7
large-live-128m-f1-rtt5-queue32,1,chunks,51d03f97fede341fb42c14bd46a9f1aaf416eeb1,c9dae66f6d752823acc72f7d399016d2a14201c6b848ea1aa610e910aaada751,4.844441724009812,134217728,26.4220331861176,/mnt/local_nvme/i131/measurements/large-live-128m-f1-rtt5-queue32/r1-chunks,large-string,8,16777216,32768,[0],1,1,5.0,1.0,transactional-set,5.042635835707188,5.059286020696163,5,5,4,0.825688537066175,1,5,96.38494299724698,96.38494299724698,170.8020893856883,170.8020893856883,10,411217920,348.0,133040186.0,4.646376546937972,0.95911496342495,1.59,0.3422021405148131,10,243146752,0.0,19255310.0,4.646376546937972,0.95911496342495,0.53,0.11406738017160437,True,1,1677817.4,8,0,8,3,110,184559914,4.140286922454834,ready,True,32,64,5.0,0,1,6-7
large-live-128m-f1-rtt5-queue32,1,main,25e159418603a95c1b2cca68173b329067e3ef48,a056e41003b0c833157fe89737448b6a7715d2c5ba63aa32ad1675b4d643fabc,4.821895611938089,134217728,26.545576740213235,/mnt/local_nvme/i131/measurements/large-live-128m-f1-rtt5-queue32/r1-main,large-string,8,16777216,32768,[0],1,1,5.0,1.0,transactional-set,5.042284727096558,5.047142039984465,4,4,4,0.8295492731316636,0,4,93.90549687668681,95.12119833379984,96.93615604192019,96.93615604192019,10,432922624,348.0,132648552.0,4.647330683190376,0.9637974475607634,1.42,0.305551745034243,10,240648192,0.0,20140014.0,4.647330683190376,0.9637974475607634,0.49,0.10543686976533738,True,1,1677817.4,8,0,8,2,100,167781740,4.191459894180298,ready,True,32,64,5.0,0,1,6-7
large-live-128m-f1-rtt5-queue32,2,chunks,51d03f97fede341fb42c14bd46a9f1aaf416eeb1,c9dae66f6d752823acc72f7d399016d2a14201c6b848ea1aa610e910aaada751,4.890423671808094,134217728,26.17360142800791,/mnt/local_nvme/i131/measurements/large-live-128m-f1-rtt5-queue32/r2-chunks,large-string,8,16777216,32768,[0],1,1,5.0,1.0,transactional-set,5.041929893195629,5.071628838777542,5,5,4,0.8179250446252472,1,5,78.70393199846148,78.70393199846148,245.09256472811103,245.09256472811103,10,430985216,348.0,132598154.0,4.651665996294469,0.9511785294002245,1.63,0.3504120891952395,10,225845248,0.0,20582366.0,4.651665996294469,0.9511785294002245,0.51,0.10963813833716082,True,1,1677817.4,8,0,8,2,100,167781740,4.20487904548645,ready,True,32,64,5.0,0,1,6-7
large-live-128m-f1-rtt5-queue32,2,main,25e159418603a95c1b2cca68173b329067e3ef48,a056e41003b0c833157fe89737448b6a7715d2c5ba63aa32ad1675b4d643fabc,5.654142506886274,134217728,22.63826917063139,/mnt/local_nvme/i131/measurements/large-live-128m-f1-rtt5-queue32/r2-main,large-string,8,16777216,32768,[0],1,1,5.0,1.0,transactional-set,5.043094977736473,5.057917907834053,5,5,5,0.8843073894777886,0,5,90.64232371747494,90.64232371747494,115.35291885957122,115.35291885957122,11,430841856,348.0,132598010.0,5.162224209867418,0.9129986029853793,1.53,0.2963838721060307,11,239960064,0.0,21467070.0,5.162224209867418,0.9129986029853793,0.46,0.08910887658089811,True,1,1677817.4,8,0,8,2,100,167781740,4.991410970687866,ready,True,32,64,5.0,0,1,6-7
large-live-128m-f1-rtt5-queue32,3,chunks,51d03f97fede341fb42c14bd46a9f1aaf416eeb1,c9dae66f6d752823acc72f7d399016d2a14201c6b848ea1aa610e910aaada751,5.402073108125478,134217728,23.694607132856085,/mnt/local_nvme/i131/measurements/large-live-128m-f1-rtt5-queue32/r3-chunks,large-string,8,16777216,32768,[0],1,1,5.0,1.0,transactional-set,5.0420197658240795,5.056010093539953,5,5,5,0.9255705911271909,0,5,95.66627396270633,95.66627396270633,695.5366227775812,695.5366227775812,11,438325248,348.0,132598218.0,5.163892257958651,0.9559093619431825,2.22,0.42990827250094354,11,225947648,0.0,21024718.0,5.163892257958651,0.9559093619431825,0.47,0.09101661625019974,True,1,1677817.4,8,0,8,2,100,167781740,4.8871588706970215,ready,True,32,64,5.0,0,1,6-7
large-live-128m-f1-rtt5-queue32,3,main,25e159418603a95c1b2cca68173b329067e3ef48,a056e41003b0c833157fe89737448b6a7715d2c5ba63aa32ad1675b4d643fabc,5.733852955047041,134217728,22.323558173449857,/mnt/local_nvme/i131/measurements/large-live-128m-f1-rtt5-queue32/r3-main,large-string,8,16777216,32768,[0],1,1,5.0,1.0,transactional-set,5.04202488809824,5.0571877509355545,5,5,5,0.8720139911503851,0,5,99.77038018405437,99.77038018405437,156.89797094091773,156.89797094091773,12,435654656,348.0,133048267.0,5.6792726633138955,0.9904810443935255,1.64,0.2887693719292302,12,235745280,0.0,21467070.0,5.6792726633138955,0.9904810443935255,0.56,0.09860417578071276,True,1,1677817.4,8,0,8,3,110,184559914,4.995034217834473,ready,True,32,64,5.0,0,1,6-7
large-string-128m-f1-rtt0,1,chunks,51d03f97fede341fb42c14bd46a9f1aaf416eeb1,c9dae66f6d752823acc72f7d399016d2a14201c6b848ea1aa610e910aaada751,2.330041088629514,134217728,54.934653566683316,/mnt/local_nvme/i131/measurements/large-string-128m-f1-rtt0/r1-chunks,large-string,8,16777216,32768,[0],1,1,0.0,0,separate-keys,0.03179395571351051,0.04231603816151619,,,,,,,,,,,4,255053824,0.0,47925642.0,1.5039872340857983,0.6454767005720122,0.68,0.4521314972552539,4,227987456,0.0,20582366.0,1.5039872340857983,0.6454767005720122,0.33,0.21941675602093205,True,1,1677817.4,8,0,8,0,80,134225392,2.030059814453125,ready,True,16,64,0.0,0,1,6-7
large-string-128m-f1-rtt0,1,main,25e159418603a95c1b2cca68173b329067e3ef48,a056e41003b0c833157fe89737448b6a7715d2c5ba63aa32ad1675b4d643fabc,2.5743554309010506,134217728,49.721183976215244,/mnt/local_nvme/i131/measurements/large-string-128m-f1-rtt0/r1-main,large-string,8,16777216,32768,[0],1,1,0.0,0,separate-keys,0.03101397305727005,0.05204696208238602,,,,,,,,,,,5,261632000,0.0,47925498.0,2.015152920037508,0.7827796021671273,0.84,0.41684181465710557,5,243875840,0.0,21024718.0,2.015152920037508,0.7827796021671273,0.38,0.18857129710678586,True,1,1677817.4,8,0,8,0,80,134225392,2.2530579566955566,ready,True,16,64,0.0,0,1,6-7
large-string-128m-f1-rtt0,2,chunks,51d03f97fede341fb42c14bd46a9f1aaf416eeb1,c9dae66f6d752823acc72f7d399016d2a14201c6b848ea1aa610e910aaada751,2.3504091519862413,134217728,54.45860346988186,/mnt/local_nvme/i131/measurements/large-string-128m-f1-rtt0/r2-chunks,large-string,8,16777216,32768,[0],1,1,0.0,0,separate-keys,0.0314260832965374,0.041386112570762634,,,,,,,,,,,4,273752064,0.0,47925578.0,1.5036645401269197,0.6397458667382357,0.66,0.4389276879165425,4,226254848,0.0,19697662.0,1.5036645401269197,0.6397458667382357,0.32,0.21281342444438422,True,1,1677817.4,8,0,8,0,80,134225392,2.0633299350738525,ready,True,16,64,0.0,0,1,6-7
large-string-128m-f1-rtt0,2,main,25e159418603a95c1b2cca68173b329067e3ef48,a056e41003b0c833157fe89737448b6a7715d2c5ba63aa32ad1675b4d643fabc,2.445706336759031,134217728,52.33661870035524,/mnt/local_nvme/i131/measurements/large-string-128m-f1-rtt0/r2-main,large-string,8,16777216,32768,[0],1,1,0.0,0,separate-keys,0.03115599974989891,0.04621874541044235,,,,,,,,,,,5,255266816,0.0,47933275.0,2.0055211409926414,0.8200171504033849,0.88,0.43878869288031547,5,250093568,0.0,18812958.0,2.0055211409926414,0.8200171504033849,0.39,0.19446317070832164,True,1,1677817.4,8,0,8,0,80,134225392,2.0615580081939697,ready,True,16,64,0.0,0,1,6-7
large-string-128m-f1-rtt0,3,chunks,51d03f97fede341fb42c14bd46a9f1aaf416eeb1,c9dae66f6d752823acc72f7d399016d2a14201c6b848ea1aa610e910aaada751,2.2236978160217404,134217728,57.56177798878972,/mnt/local_nvme/i131/measurements/large-string-128m-f1-rtt0/r3-chunks,large-string,8,16777216,32768,[0],1,1,0.0,0,separate-keys,0.03239791840314865,0.041808001697063446,,,,,,,,,,,4,261537792,0.0,47925642.0,1.5034973719157279,0.676124858819859,0.7,0.46558112642928884,4,243580928,0.0,19255310.0,1.5034973719157279,0.676124858819859,0.33,0.21948824531666475,True,1,1677817.4,8,0,8,0,80,134225392,2.0218420028686523,ready,True,16,64,0.0,0,1,6-7
large-string-128m-f1-rtt0,3,main,25e159418603a95c1b2cca68173b329067e3ef48,a056e41003b0c833157fe89737448b6a7715d2c5ba63aa32ad1675b4d643fabc,2.423123865853995,134217728,52.824373447738814,/mnt/local_nvme/i131/measurements/large-string-128m-f1-rtt0/r3-main,large-string,8,16777216,32768,[0],1,1,0.0,0,separate-keys,0.03091339021921158,0.04698894917964935,,,,,,,,,,,5,261345280,0.0,47925370.0,2.0046336259692907,0.8272930881570045,0.85,0.42401763044805935,5,264478720,0.0,19697662.0,2.0046336259692907,0.8272930881570045,0.41,0.20452615115729922,True,1,1677817.4,8,0,8,0,80,134225392,2.130326986312866,ready,True,16,64,0.0,0,1,6-7
large-string-128m-f1-rtt0-nocap,1,chunks,51d03f97fede341fb42c14bd46a9f1aaf416eeb1,c9dae66f6d752823acc72f7d399016d2a14201c6b848ea1aa610e910aaada751,2.3972615068778396,134217728,53.394258253746145,/mnt/local_nvme/i131/measurements/large-string-128m-f1-rtt0-nocap/r1-chunks,large-string,8,16777216,32768,[0],1,1,0.0,0,separate-keys,0.03091897815465927,0.03615766763687134,,,,,,,,,,,5,253747200,0.0,47925642.0,2.006476638838649,0.8369869674551511,0.85,0.4236281567135419,5,236761088,0.0,20582366.0,2.006476638838649,0.8369869674551511,0.36,0.17941898401985304,,,,,,,,,,,ready,False,16,64,0.0,0,1,6-7
large-string-128m-f1-rtt0-nocap,1,main,25e159418603a95c1b2cca68173b329067e3ef48,a056e41003b0c833157fe89737448b6a7715d2c5ba63aa32ad1675b4d643fabc,2.5840788120403886,134217728,49.53409292456185,/mnt/local_nvme/i131/measurements/large-string-128m-f1-rtt0-nocap/r1-main,large-string,8,16777216,32768,[0],1,1,0.0,0,separate-keys,0.03098929300904274,0.04705507308244705,,,,,,,,,,,6,262238208,0.0,47925370.0,2.5065835332497954,0.9700104817122808,0.98,0.3909704133137052,6,243429376,0.0,19697662.0,2.5065835332497954,0.9700104817122808,0.39,0.15559026652280106,,,,,,,,,,,ready,False,16,64,0.0,0,1,6-7
large-string-128m-f1-rtt0-nocap,2,chunks,51d03f97fede341fb42c14bd46a9f1aaf416eeb1,c9dae66f6d752823acc72f7d399016d2a14201c6b848ea1aa610e910aaada751,2.4028316969051957,134217728,53.27048089338164,/mnt/local_nvme/i131/measurements/large-string-128m-f1-rtt0-nocap/r2-chunks,large-string,8,16777216,32768,[0],1,1,0.0,0,separate-keys,0.031371135264635086,0.05085533484816551,,,,,,,,,,,5,265465856,0.0,47925642.0,2.008782051037997,0.8360061395999031,0.89,0.4430545362251274,5,241557504,0.0,19255310.0,2.008782051037997,0.8360061395999031,0.35,0.17423492997617368,,,,,,,,,,,ready,False,16,64,0.0,0,1,6-7
large-string-128m-f1-rtt0-nocap,2,main,25e159418603a95c1b2cca68173b329067e3ef48,a056e41003b0c833157fe89737448b6a7715d2c5ba63aa32ad1675b4d643fabc,2.3735912735573947,134217728,53.926723368914885,/mnt/local_nvme/i131/measurements/large-string-128m-f1-rtt0-nocap/r2-main,large-string,8,16777216,32768,[0],1,1,0.0,0,separate-keys,0.031287781894207,0.05103880539536476,,,,,,,,,,,5,294526976,0.0,47925434.0,2.005558672826737,0.8449469355441838,0.84,0.4188359140927355,5,241315840,0.0,20582366.0,2.005558672826737,0.8449469355441838,0.34,0.16952882237086916,,,,,,,,,,,ready,False,16,64,0.0,0,1,6-7
large-string-128m-f1-rtt0-nocap,3,chunks,51d03f97fede341fb42c14bd46a9f1aaf416eeb1,c9dae66f6d752823acc72f7d399016d2a14201c6b848ea1aa610e910aaada751,2.7017180491238832,134217728,47.37726056999472,/mnt/local_nvme/i131/measurements/large-string-128m-f1-rtt0-nocap/r3-chunks,large-string,8,16777216,32768,[0],1,1,0.0,0,separate-keys,0.03090500831604004,0.03668433055281639,,,,,,,,,,,6,261582848,0.0,47925706.0,2.5067688380368054,0.9278425033469735,0.96,0.3829631138832215,6,242294784,0.0,21024718.0,2.5067688380368054,0.9278425033469735,0.38,0.1515895659121085,,,,,,,,,,,ready,False,16,64,0.0,0,1,6-7
large-string-128m-f1-rtt0-nocap,3,main,25e159418603a95c1b2cca68173b329067e3ef48,a056e41003b0c833157fe89737448b6a7715d2c5ba63aa32ad1675b4d643fabc,2.278723101131618,134217728,56.17180952632418,/mnt/local_nvme/i131/measurements/large-string-128m-f1-rtt0-nocap/r3-main,large-string,8,16777216,32768,[0],1,1,0.0,0,separate-keys,0.031989067792892456,0.05164323374629021,,,,,,,,,,,5,279023616,0.0,47925434.0,2.005462730769068,0.8800818009757971,0.89,0.4437878532196392,5,242556928,0.0,20140014.0,2.005462730769068,0.8800818009757971,0.36,0.17950969343715742,,,,,,,,,,,ready,False,16,64,0.0,0,1,6-7
large-string-128m-f1-rtt1,1,chunks,51d03f97fede341fb42c14bd46a9f1aaf416eeb1,c9dae66f6d752823acc72f7d399016d2a14201c6b848ea1aa610e910aaada751,2.8366322102956474,134217728,45.12393236437911,/mnt/local_nvme/i131/measurements/large-string-128m-f1-rtt1/r1-chunks,large-string,8,16777216,32768,[0],1,1,1.0,0,separate-keys,1.0397573933005333,1.047070138156414,,,,,,,,,,,5,261402624,0.0,47925642.0,2.0178802888840437,0.7113647943360731,0.75,0.3716771525702228,5,240934912,0.0,20582366.0,2.0178802888840437,0.7113647943360731,0.32,0.15858225176329507,True,1,1677817.4,8,0,8,0,80,134225392,2.3766839504241943,ready,True,16,64,0.0,0,1,6-7
large-string-128m-f1-rtt1,1,main,25e159418603a95c1b2cca68173b329067e3ef48,a056e41003b0c833157fe89737448b6a7715d2c5ba63aa32ad1675b4d643fabc,3.4783475501462817,134217728,36.79908294230603,/mnt/local_nvme/i131/measurements/large-string-128m-f1-rtt1/r1-main,large-string,8,16777216,32768,[0],1,1,1.0,0,separate-keys,1.0389541275799274,1.0518701747059822,,,,,,,,,,,7,261312512,0.0,47933275.0,3.0248854979872704,0.8696329088391581,0.97,0.3206732951199074,7,245981184,0.0,16781326.0,3.0248854979872704,0.8696329088391581,0.4,0.13223641035872472,True,1,1677817.4,8,0,8,0,80,134225392,2.979970932006836,ready,True,16,64,0.0,0,1,6-7
large-string-128m-f1-rtt1,2,chunks,51d03f97fede341fb42c14bd46a9f1aaf416eeb1,c9dae66f6d752823acc72f7d399016d2a14201c6b848ea1aa610e910aaada751,3.025944468099624,134217728,42.30084238141605,/mnt/local_nvme/i131/measurements/large-string-128m-f1-rtt1/r2-chunks,large-string,8,16777216,32768,[0],1,1,1.0,0,separate-keys,1.039896160364151,1.043657772243023,,,,,,,,,,,6,271233024,0.0,47925578.0,2.52076819492504,0.833051703856334,0.87,0.3451328851861649,6,224415744,0.0,19255310.0,2.52076819492504,0.833051703856334,0.36,0.14281360766324064,True,1,1677817.4,8,0,8,0,80,134225392,2.676180124282837,ready,True,16,64,0.0,0,1,6-7
large-string-128m-f1-rtt1,2,main,25e159418603a95c1b2cca68173b329067e3ef48,a056e41003b0c833157fe89737448b6a7715d2c5ba63aa32ad1675b4d643fabc,3.0658794143237174,134217728,41.74984815188326,/mnt/local_nvme/i131/measurements/large-string-128m-f1-rtt1/r2-main,large-string,8,16777216,32768,[0],1,1,1.0,0,separate-keys,1.0389951057732105,1.0496168397367,,,,,,,,,,,6,271073280,0.0,47925434.0,2.5206394037231803,0.8221586902429403,0.87,0.3451505196320197,6,248344576,0.0,20582366.0,2.5206394037231803,0.8221586902429403,0.37,0.1467881520274107,True,1,1677817.4,8,0,8,0,80,134225392,2.624368906021118,ready,True,16,64,0.0,0,1,6-7
large-string-128m-f1-rtt1,3,chunks,51d03f97fede341fb42c14bd46a9f1aaf416eeb1,c9dae66f6d752823acc72f7d399016d2a14201c6b848ea1aa610e910aaada751,2.785026137717068,134217728,45.96007134960813,/mnt/local_nvme/i131/measurements/large-string-128m-f1-rtt1/r3-chunks,large-string,8,16777216,32768,[0],1,1,1.0,0,separate-keys,1.040755771100521,1.0473961010575294,,,,,,,,,,,5,253784064,0.0,47925642.0,2.016887336038053,0.7241897333471092,0.79,0.39169267706934274,5,246013952,0.0,20582366.0,2.016887336038053,0.7241897333471092,0.33,0.16361846004162417,True,1,1677817.4,8,0,8,0,80,134225392,2.347899913787842,ready,True,16,64,0.0,0,1,6-7
large-string-128m-f1-rtt1,3,main,25e159418603a95c1b2cca68173b329067e3ef48,a056e41003b0c833157fe89737448b6a7715d2c5ba63aa32ad1675b4d643fabc,3.217883254401386,134217728,39.777701638157005,/mnt/local_nvme/i131/measurements/large-string-128m-f1-rtt1/r3-main,large-string,8,16777216,32768,[0],1,1,1.0,0,separate-keys,1.0399841703474522,1.1926651932299137,,,,,,,,,,,6,246599680,0.0,47925434.0,2.5209883567877114,0.7834306460122601,0.79,0.31336915851790453,6,233816064,0.0,19697662.0,2.5209883567877114,0.7834306460122601,0.33,0.1309010408998842,True,1,1677817.4,8,0,8,0,80,134225392,2.8499131202697754,ready,True,16,64,0.0,0,1,6-7
large-string-128m-f1-rtt20,1,chunks,51d03f97fede341fb42c14bd46a9f1aaf416eeb1,c9dae66f6d752823acc72f7d399016d2a14201c6b848ea1aa610e910aaada751,9.501104417722672,134217728,13.472118016221152,/mnt/local_nvme/i131/measurements/large-string-128m-f1-rtt20/r1-chunks,large-string,8,16777216,32768,[0],1,1,20.0,0,separate-keys,20.081147085875273,20.204688422381878,,,,,,,,,,,17,261529600,0.0,47933483.0,8.978582659270614,0.9450041031569568,1.19,0.13253762260252677,17,245186560,0.0,20140014.0,8.978582659270614,0.9450041031569568,0.44,0.04900550751690066,True,1,1677817.4,8,0,8,0,80,134225392,7.6155171394348145,ready,True,16,64,0.0,0,1,6-7
large-string-128m-f1-rtt20,1,main,25e159418603a95c1b2cca68173b329067e3ef48,a056e41003b0c833157fe89737448b6a7715d2c5ba63aa32ad1675b4d643fabc,10.746538276784122,134217728,11.910812273057266,/mnt/local_nvme/i131/measurements/large-string-128m-f1-rtt20/r1-main,large-string,8,16777216,32768,[0],1,1,20.0,0,separate-keys,20.101525355130434,20.23316640406847,,,,,,,,,,,19,261201920,0.0,47933723.0,10.100649985019118,0.9398980141204797,1.26,0.12474444732455653,19,244756480,0.0,21024718.0,10.100649985019118,0.9398980141204797,0.44,0.04356155303397212,True,1,1677817.4,8,0,8,0,80,134225392,8.897151947021484,ready,True,16,64,0.0,0,1,6-7
large-string-128m-f1-rtt20,2,chunks,51d03f97fede341fb42c14bd46a9f1aaf416eeb1,c9dae66f6d752823acc72f7d399016d2a14201c6b848ea1aa610e910aaada751,8.70262661576271,134217728,14.708203126646712,/mnt/local_nvme/i131/measurements/large-string-128m-f1-rtt20/r2-chunks,large-string,8,16777216,32768,[0],1,1,20.0,0,separate-keys,20.206349901854992,20.24287125095725,,,,,,,,,,,15,261406720,0.0,47933483.0,7.856975481379777,0.9028280573532547,1.14,0.14509399993695826,15,245063680,0.0,20582366.0,7.856975481379777,0.9028280573532547,0.43,0.054728438572712326,True,1,1677817.4,8,0,8,0,80,134225392,6.850787162780762,ready,True,16,64,0.0,0,1,6-7
large-string-128m-f1-rtt20,2,main,25e159418603a95c1b2cca68173b329067e3ef48,a056e41003b0c833157fe89737448b6a7715d2c5ba63aa32ad1675b4d643fabc,10.103292533196509,134217728,12.66913727177837,/mnt/local_nvme/i131/measurements/large-string-128m-f1-rtt20/r2-main,large-string,8,16777216,32768,[0],1,1,20.0,0,separate-keys,20.08947916328907,20.224480889737606,,,,,,,,,,,18,261611520,0.0,47933723.0,9.539882913697511,0.944235048361928,1.19,0.12473947644487121,18,244318208,0.0,21024718.0,9.539882913697511,0.944235048361928,0.43,0.04507392846327279,True,1,1677817.4,8,0,8,0,80,134225392,8.248245000839233,ready,True,16,64,0.0,0,1,6-7
large-string-128m-f1-rtt20,3,chunks,51d03f97fede341fb42c14bd46a9f1aaf416eeb1,c9dae66f6d752823acc72f7d399016d2a14201c6b848ea1aa610e910aaada751,9.01662816805765,134217728,14.19599406942979,/mnt/local_nvme/i131/measurements/large-string-128m-f1-rtt20/r3-chunks,large-string,8,16777216,32768,[0],1,1,20.0,0,separate-keys,20.10525483638048,20.225957967340946,,,,,,,,,,,16,261431296,0.0,47933931.0,8.418697722721845,0.9336858042506359,1.16,0.13778853193281787,16,245256192,0.0,20582366.0,8.418697722721845,0.9336858042506359,0.43,0.05107678338888938,True,1,1677817.4,8,0,8,0,80,134225392,6.9889421463012695,ready,True,16,64,0.0,0,1,6-7
large-string-128m-f1-rtt20,3,main,25e159418603a95c1b2cca68173b329067e3ef48,a056e41003b0c833157fe89737448b6a7715d2c5ba63aa32ad1675b4d643fabc,10.431973604951054,134217728,12.269969695787067,/mnt/local_nvme/i131/measurements/large-string-128m-f1-rtt20/r3-main,large-string,8,16777216,32768,[0],1,1,20.0,0,separate-keys,20.09357698261738,20.250414963811636,,,,,,,,,,,18,272953344,0.0,47933595.0,9.542790201958269,0.9147636452443884,1.23,0.1288931197237882,18,244588544,0.0,20140014.0,9.542790201958269,0.9147636452443884,0.41,0.042964373241262725,True,1,1677817.4,8,0,8,0,80,134225392,8.478086948394775,ready,True,16,64,0.0,0,1,6-7
large-string-128m-f1-rtt20-nocap,1,chunks,51d03f97fede341fb42c14bd46a9f1aaf416eeb1,c9dae66f6d752823acc72f7d399016d2a14201c6b848ea1aa610e910aaada751,9.183584729209542,134217728,13.937912457308741,/mnt/local_nvme/i131/measurements/large-string-128m-f1-rtt20-nocap/r1-chunks,large-string,8,16777216,32768,[0],1,1,20.0,0,separate-keys,20.104029215872288,20.254206378012896,,,,,,,,,,,16,261451776,0.0,47933739.0,8.418315204791725,0.916669846581392,1.16,0.13779479287491223,16,244838400,0.0,21024718.0,8.418315204791725,0.916669846581392,0.45,0.053454876546302155,,,,,,,,,,,ready,False,16,64,0.0,0,1,6-7
large-string-128m-f1-rtt20-nocap,1,main,25e159418603a95c1b2cca68173b329067e3ef48,a056e41003b0c833157fe89737448b6a7715d2c5ba63aa32ad1675b4d643fabc,9.790150080341846,134217728,13.074365454010547,/mnt/local_nvme/i131/measurements/large-string-128m-f1-rtt20-nocap/r1-main,large-string,8,16777216,32768,[0],1,1,20.0,0,separate-keys,20.08326631039381,20.241481717675924,,,,,,,,,,,17,254943232,0.0,47933531.0,8.979259216692299,0.9171727851978717,1.17,0.1303002810994685,17,245272576,0.0,21024718.0,8.979259216692299,0.9171727851978717,0.45,0.050115492730564815,,,,,,,,,,,ready,False,16,64,0.0,0,1,6-7
large-string-128m-f1-rtt20-nocap,2,chunks,51d03f97fede341fb42c14bd46a9f1aaf416eeb1,c9dae66f6d752823acc72f7d399016d2a14201c6b848ea1aa610e910aaada751,8.540609997231513,134217728,14.987219887278767,/mnt/local_nvme/i131/measurements/large-string-128m-f1-rtt20-nocap/r2-chunks,large-string,8,16777216,32768,[0],1,1,20.0,0,separate-keys,20.211563911288977,20.274552050977945,,,,,,,,,,,15,261480448,0.0,47933931.0,7.856381182093173,0.9198852522992929,1.14,0.14510497563412142,15,244862976,0.0,21024718.0,7.856381182093173,0.9198852522992929,0.44,0.05600542919211704,,,,,,,,,,,ready,False,16,64,0.0,0,1,6-7
large-string-128m-f1-rtt20-nocap,2,main,25e159418603a95c1b2cca68173b329067e3ef48,a056e41003b0c833157fe89737448b6a7715d2c5ba63aa32ad1675b4d643fabc,9.983127904124558,134217728,12.821632781757351,/mnt/local_nvme/i131/measurements/large-string-128m-f1-rtt20-nocap/r2-main,large-string,8,16777216,32768,[0],1,1,20.0,0,separate-keys,20.07700828835368,20.23749891668558,,,,,,,,,,,17,279891968,0.0,47933275.0,8.980277600232512,0.8995454817845502,1.17,0.13028550475652412,17,244879360,0.0,21024718.0,8.980277600232512,0.8995454817845502,0.44,0.04899625819903471,,,,,,,,,,,ready,False,16,64,0.0,0,1,6-7
large-string-128m-f1-rtt20-nocap,3,chunks,51d03f97fede341fb42c14bd46a9f1aaf416eeb1,c9dae66f6d752823acc72f7d399016d2a14201c6b848ea1aa610e910aaada751,9.032356702722609,134217728,14.171273811785706,/mnt/local_nvme/i131/measurements/large-string-128m-f1-rtt20-nocap/r3-chunks,large-string,8,16777216,32768,[0],1,1,20.0,0,separate-keys,20.081170834600925,20.23919392377138,,,,,,,,,,,16,261730304,0.0,47933483.0,8.417363037820905,0.9319121592356592,1.21,0.14375048272995075,16,245411840,0.0,20582366.0,8.417363037820905,0.9319121592356592,0.43,0.051084882292461845,,,,,,,,,,,ready,False,16,64,0.0,0,1,6-7
large-string-128m-f1-rtt20-nocap,3,main,25e159418603a95c1b2cca68173b329067e3ef48,a056e41003b0c833157fe89737448b6a7715d2c5ba63aa32ad1675b4d643fabc,9.938589163124561,134217728,12.879091579207454,/mnt/local_nvme/i131/measurements/large-string-128m-f1-rtt20-nocap/r3-main,large-string,8,16777216,32768,[0],1,1,20.0,0,separate-keys,20.084314048290253,20.283537916839123,,,,,,,,,,,17,261636096,0.0,47933595.0,8.979071620851755,0.9034553570407224,1.15,0.1280756016389711,17,244961280,0.0,20582366.0,8.979071620851755,0.9034553570407224,0.42,0.04677543712031988,,,,,,,,,,,ready,False,16,64,0.0,0,1,6-7
large-string-128m-f1-rtt5,1,chunks,51d03f97fede341fb42c14bd46a9f1aaf416eeb1,c9dae66f6d752823acc72f7d399016d2a14201c6b848ea1aa610e910aaada751,4.155975993257016,134217728,30.799022950969235,/mnt/local_nvme/i131/measurements/large-string-128m-f1-rtt5/r1-chunks,large-string,8,16777216,32768,[0],1,1,5.0,0,separate-keys,5.046758335083723,5.067578051239252,,,,,,,,,,,8,261390336,0.0,47933483.0,3.6151423417031765,0.8698660308838813,1.0,0.2766142811209135,8,246743040,0.0,20582366.0,3.6151423417031765,0.8698660308838813,0.42,0.11617799807078366,True,1,1677817.4,8,0,8,0,80,134225392,3.513533115386963,ready,True,16,64,0.0,0,1,6-7
large-string-128m-f1-rtt5,1,main,25e159418603a95c1b2cca68173b329067e3ef48,a056e41003b0c833157fe89737448b6a7715d2c5ba63aa32ad1675b4d643fabc,4.469084701966494,134217728,28.641211464100742,/mnt/local_nvme/i131/measurements/large-string-128m-f1-rtt5/r1-main,large-string,8,16777216,32768,[0],1,1,5.0,0,separate-keys,5.0796521827578545,7.981404662132263,,,,,,,,,,,8,254861312,0.0,47933723.0,3.6147287245839834,0.8088297639544456,0.92,0.2545142582188881,8,244629504,0.0,21024718.0,3.6147287245839834,0.8088297639544456,0.38,0.10512545448171465,True,1,1677817.4,8,0,8,0,80,134225392,3.7787671089172363,ready,True,16,64,0.0,0,1,6-7
large-string-128m-f1-rtt5,2,chunks,51d03f97fede341fb42c14bd46a9f1aaf416eeb1,c9dae66f6d752823acc72f7d399016d2a14201c6b848ea1aa610e910aaada751,4.22703786380589,134217728,30.28125229158768,/mnt/local_nvme/i131/measurements/large-string-128m-f1-rtt5/r2-chunks,large-string,8,16777216,32768,[0],1,1,5.0,0,separate-keys,5.042622797191143,5.067917052656412,,,,,,,,,,,8,261402624,0.0,47933483.0,3.613105732947588,0.8547606738716229,0.98,0.27123479699568925,8,246460416,0.0,20582366.0,3.613105732947588,0.8547606738716229,0.39,0.10794037839624368,True,1,1677817.4,8,0,8,0,80,134225392,3.5668208599090576,ready,True,16,64,0.0,0,1,6-7
large-string-128m-f1-rtt5,2,main,25e159418603a95c1b2cca68173b329067e3ef48,a056e41003b0c833157fe89737448b6a7715d2c5ba63aa32ad1675b4d643fabc,4.764016265049577,134217728,26.8680862697827,/mnt/local_nvme/i131/measurements/large-string-128m-f1-rtt5/r2-main,large-string,8,16777216,32768,[0],1,1,5.0,0,separate-keys,5.043326411396265,5.057470872998238,,,,,,,,,,,9,261586944,0.0,47925306.0,4.129874967038631,0.8668893507641402,1.03,0.2494022236074067,9,245108736,0.0,4685744.0,4.129874967038631,0.8668893507641402,0.4,0.0968552324688958,True,1,1677817.4,8,0,8,0,80,134225392,3.93570613861084,ready,True,16,64,0.0,0,1,6-7
large-string-128m-f1-rtt5,3,chunks,51d03f97fede341fb42c14bd46a9f1aaf416eeb1,c9dae66f6d752823acc72f7d399016d2a14201c6b848ea1aa610e910aaada751,3.960540111642331,134217728,32.318824299679115,/mnt/local_nvme/i131/measurements/large-string-128m-f1-rtt5/r3-chunks,large-string,8,16777216,32768,[0],1,1,5.0,0,separate-keys,5.050938576459885,5.094747059047222,,,,,,,,,,,7,260128768,0.0,47933483.0,3.100034052040428,0.7827301238352883,0.92,0.29677093365940943,7,244305920,0.0,21024718.0,3.100034052040428,0.7827301238352883,0.37,0.11935352766737117,True,1,1677817.4,8,0,8,0,80,134225392,3.2283120155334473,ready,True,16,64,0.0,0,1,6-7
large-string-128m-f1-rtt5,3,main,25e159418603a95c1b2cca68173b329067e3ef48,a056e41003b0c833157fe89737448b6a7715d2c5ba63aa32ad1675b4d643fabc,4.808880536817014,134217728,26.617421460156063,/mnt/local_nvme/i131/measurements/large-string-128m-f1-rtt5/r3-main,large-string,8,16777216,32768,[0],1,1,5.0,0,separate-keys,5.044430959969759,5.0608087331056595,,,,,,,,,,,9,272953344,0.0,47933659.0,4.129127039108425,0.858646208300588,1.0,0.24218194076584365,9,244363264,0.0,20582366.0,4.129127039108425,0.858646208300588,0.39,0.09445095689867902,True,1,1677817.4,8,0,8,0,80,134225392,4.059499979019165,ready,True,16,64,0.0,0,1,6-7
large-string-128m-f4-rtt20,1,chunks,51d03f97fede341fb42c14bd46a9f1aaf416eeb1,c9dae66f6d752823acc72f7d399016d2a14201c6b848ea1aa610e910aaada751,3.300790011882782,134217728,38.7785952875531,/mnt/local_nvme/i131/measurements/large-string-128m-f4-rtt20/r1-chunks,large-string,8,16777216,32768,[0],4,2,20.0,0,separate-keys,20.086195785552263,20.26815479621291,,,,,,,,,,,6,518909952,0.0,181101098.0,2.808900463860482,0.8509782366489517,0.91,0.32397018395921334,6,382771200,0.0,51933258.0,2.808900463860482,0.8509782366489517,0.45,0.16020503602378683,True,4,1677817.4,8,0,8,0,80,134225392,2.0935521125793457,ready,True,16,64,0.0,0-3,4-5,6-7
large-string-128m-f4-rtt20,1,main,25e159418603a95c1b2cca68173b329067e3ef48,a056e41003b0c833157fe89737448b6a7715d2c5ba63aa32ad1675b4d643fabc,3.459306252654642,134217728,37.00163866722523,/mnt/local_nvme/i131/measurements/large-string-128m-f4-rtt20/r1-main,large-string,8,16777216,32768,[0],4,2,20.0,0,separate-keys,20.108747761696577,20.28127573430538,,,,,,,,,,,6,497242112,0.0,181108491.0,2.80808532377705,0.8117481132588794,0.89,0.3169419363664116,6,351576064,0.0,68714584.0,2.80808532377705,0.8117481132588794,0.44,0.15669039550699,True,4,1677817.4,8,0,8,0,80,134225392,2.3495190143585205,ready,True,16,64,0.0,0-3,4-5,6-7
large-string-128m-f4-rtt20,2,chunks,51d03f97fede341fb42c14bd46a9f1aaf416eeb1,c9dae66f6d752823acc72f7d399016d2a14201c6b848ea1aa610e910aaada751,3.2289041080512106,134217728,39.64193290250845,/mnt/local_nvme/i131/measurements/large-string-128m-f4-rtt20/r2-chunks,large-string,8,16777216,32768,[0],4,2,20.0,0,separate-keys,20.086560864001513,20.252652000635862,,,,,,,,,,,6,511606784,0.0,179927743.0,2.8087129262275994,0.8698656981556459,0.95,0.3382332139140867,6,356573184,0.0,52375610.0,2.8087129262275994,0.8698656981556459,0.46,0.16377608252682094,True,4,1677817.4,8,0,8,0,80,134225392,1.7858569622039795,ready,True,16,64,0.0,0-3,4-5,6-7
large-string-128m-f4-rtt20,2,main,25e159418603a95c1b2cca68173b329067e3ef48,a056e41003b0c833157fe89737448b6a7715d2c5ba63aa32ad1675b4d643fabc,3.6217351309023798,134217728,35.34217588355445,/mnt/local_nvme/i131/measurements/large-string-128m-f4-rtt20/r2-main,large-string,8,16777216,32768,[0],4,2,20.0,0,separate-keys,20.09130921214819,20.23205626755953,,,,,,,,,,,6,512737280,0.0,181108555.0,2.808006572071463,0.7753207980650504,0.87,0.30982833468163934,6,371904512,0.0,70303864.0,2.808006572071463,0.7753207980650504,0.42,0.14957229950148104,True,4,1677817.4,8,0,8,0,80,134225392,2.7511069774627686,ready,True,16,64,0.0,0-3,4-5,6-7
large-string-128m-f4-rtt20,3,chunks,51d03f97fede341fb42c14bd46a9f1aaf416eeb1,c9dae66f6d752823acc72f7d399016d2a14201c6b848ea1aa610e910aaada751,3.58394455909729,134217728,35.7148381871845,/mnt/local_nvme/i131/measurements/large-string-128m-f4-rtt20/r3-chunks,large-string,8,16777216,32768,[0],4,2,20.0,0,separate-keys,20.07552096620202,20.248994696885347,,,,,,,,,,,6,515661824,0.0,178770902.0,2.8111430518329144,0.7843712438846917,0.91,0.32371173690597643,6,370360320,0.0,38068268.0,2.8111430518329144,0.7843712438846917,0.45,0.1600772325359224,True,4,1677817.4,8,0,8,0,80,134225392,2.1429359912872314,ready,True,16,64,0.0,0-3,4-5,6-7
large-string-128m-f4-rtt20,3,main,25e159418603a95c1b2cca68173b329067e3ef48,a056e41003b0c833157fe89737448b6a7715d2c5ba63aa32ad1675b4d643fabc,3.1836139890365303,134217728,40.20587936879155,/mnt/local_nvme/i131/measurements/large-string-128m-f4-rtt20/r3-main,large-string,8,16777216,32768,[0],4,2,20.0,0,separate-keys,20.08968871086836,20.269129425287247,,,,,,,,,,,5,516812800,0.0,181100202.0,2.246622680220753,0.7056831286573965,0.82,0.3649923092200898,5,348659712,0.0,38068268.0,2.246622680220753,0.7056831286573965,0.4,0.1780450288878487,True,4,1677817.4,8,0,8,0,80,134225392,2.341960906982422,ready,True,16,64,0.0,0-3,4-5,6-7
large-string-128m-f4-rtt5,1,chunks,51d03f97fede341fb42c14bd46a9f1aaf416eeb1,c9dae66f6d752823acc72f7d399016d2a14201c6b848ea1aa610e910aaada751,2.2727269819006324,134217728,56.32000720691773,/mnt/local_nvme/i131/measurements/large-string-128m-f4-rtt5/r1-chunks,large-string,8,16777216,32768,[0],4,2,5.0,0,separate-keys,5.042396951466799,5.063868127763271,,,,,,,,,,,4,513306624,0.0,179919582.0,1.5508361761458218,0.6823680048225111,0.69,0.4449212693211773,4,395767808,0.0,33562652.0,1.5508361761458218,0.6823680048225111,0.34,0.21923656749159465,True,4,1677817.4,8,0,8,0,80,134225392,1.0258009433746338,ready,True,16,64,0.0,0-3,4-5,6-7
large-string-128m-f4-rtt5,1,main,25e159418603a95c1b2cca68173b329067e3ef48,a056e41003b0c833157fe89737448b6a7715d2c5ba63aa32ad1675b4d643fabc,2.5770219801925123,134217728,49.669735448060855,/mnt/local_nvme/i131/measurements/large-string-128m-f4-rtt5/r1-main,large-string,8,16777216,32768,[0],4,2,5.0,0,separate-keys,5.042307078838348,5.067283753305674,,,,,,,,,,,5,514662400,0.0,181083816.0,2.068295129109174,0.8025911866512933,0.77,0.37228729554260626,5,392683520,0.0,53522538.0,2.068295129109174,0.8025911866512933,0.41,0.19823089762658253,True,4,1677817.4,8,0,8,0,80,134225392,1.217785120010376,ready,True,16,64,0.0,0-3,4-5,6-7
large-string-128m-f4-rtt5,2,chunks,51d03f97fede341fb42c14bd46a9f1aaf416eeb1,c9dae66f6d752823acc72f7d399016d2a14201c6b848ea1aa610e910aaada751,2.295260305982083,134217728,55.76709520327459,/mnt/local_nvme/i131/measurements/large-string-128m-f4-rtt5/r2-chunks,large-string,8,16777216,32768,[0],4,2,5.0,0,separate-keys,5.044884048402309,5.091825965791941,,,,,,,,,,,4,510660608,0.0,181092937.0,1.55361148994416,0.6768781239735723,0.75,0.482746172292377,4,356220928,0.0,53964890.0,1.55361148994416,0.6768781239735723,0.33,0.2124083158086459,True,4,1677817.4,8,0,8,0,80,134225392,1.0584979057312012,ready,True,16,64,0.0,0-3,4-5,6-7
large-string-128m-f4-rtt5,2,main,25e159418603a95c1b2cca68173b329067e3ef48,a056e41003b0c833157fe89737448b6a7715d2c5ba63aa32ad1675b4d643fabc,1.6669827387668192,134217728,76.78543815917993,/mnt/local_nvme/i131/measurements/large-string-128m-f4-rtt5/r2-main,large-string,8,16777216,32768,[0],4,2,5.0,0,separate-keys,5.041963886469603,5.067388992756605,,,,,,,,,,,3,511700992,0.0,181108555.0,1.0335340928286314,0.6200028763304454,0.69,0.66761222952169,3,375730176,0.0,53522538.0,1.0335340928286314,0.6200028763304454,0.28,0.2709151076319902,True,4,1677817.4,8,0,8,0,80,134225392,1.2375099658966064,ready,True,16,64,0.0,0-3,4-5,6-7
large-string-128m-f4-rtt5,3,chunks,51d03f97fede341fb42c14bd46a9f1aaf416eeb1,c9dae66f6d752823acc72f7d399016d2a14201c6b848ea1aa610e910aaada751,2.2450971081852913,134217728,57.01312407972509,/mnt/local_nvme/i131/measurements/large-string-128m-f4-rtt5/r3-chunks,large-string,8,16777216,32768,[0],4,2,5.0,0,separate-keys,5.044690798968077,5.19191287457943,,,,,,,,,,,4,514846720,0.0,179927807.0,1.5501983994618058,0.6904816695055248,0.74,0.477358253148056,4,365572096,0.0,20844702.0,1.5501983994618058,0.6904816695055248,0.35,0.2257775521646211,True,4,1677817.4,8,0,8,0,80,134225392,1.0035319328308105,ready,True,16,64,0.0,0-3,4-5,6-7
large-string-128m-f4-rtt5,3,main,25e159418603a95c1b2cca68173b329067e3ef48,a056e41003b0c833157fe89737448b6a7715d2c5ba63aa32ad1675b4d643fabc,1.994481097906828,134217728,64.17709354795777,/mnt/local_nvme/i131/measurements/large-string-128m-f4-rtt5/r3-main,large-string,8,16777216,32768,[0],4,2,5.0,0,separate-keys,5.043203942477703,5.123752169311047,,,,,,,,,,,4,491954176,0.0,181100266.0,1.5505452188663185,0.7774178559493935,0.72,0.4643527910307757,4,370286592,0.0,53522538.0,1.5505452188663185,0.7774178559493935,0.4,0.25797377279487543,True,4,1677817.4,8,0,8,0,80,134225392,1.0697100162506104,ready,True,16,64,0.0,0-3,4-5,6-7
large-string-128m-f4-rtt5-nocap,1,chunks,51d03f97fede341fb42c14bd46a9f1aaf416eeb1,c9dae66f6d752823acc72f7d399016d2a14201c6b848ea1aa610e910aaada751,1.5880847722291946,134217728,80.60023132161037,/mnt/local_nvme/i131/measurements/large-string-128m-f4-rtt5-nocap/r1-chunks,large-string,8,16777216,32768,[0],4,2,5.0,0,separate-keys,5.0433422438800335,5.063789896667004,,,,,,,,,,,4,513019904,0.0,181084520.0,1.5509761311113834,0.976633085483389,0.99,0.6383076954837438,4,380518400,0.0,35151932.0,1.5509761311113834,0.976633085483389,0.48,0.3094825190224212,,,,,,,,,,,ready,False,16,64,0.0,0-3,4-5,6-7
large-string-128m-f4-rtt5-nocap,1,main,25e159418603a95c1b2cca68173b329067e3ef48,a056e41003b0c833157fe89737448b6a7715d2c5ba63aa32ad1675b4d643fabc,2.0178630091249943,134217728,63.433443906335654,/mnt/local_nvme/i131/measurements/large-string-128m-f4-rtt5-nocap/r1-main,large-string,8,16777216,32768,[0],4,2,5.0,0,separate-keys,5.043017212301493,5.057444330304861,,,,,,,,,,,4,485294080,0.0,181100138.0,1.5507333129644394,0.7685027704813736,0.93,0.5997162711505678,4,375296000,0.0,50343978.0,1.5507333129644394,0.7685027704813736,0.43,0.2772881683814453,,,,,,,,,,,ready,False,16,64,0.0,0-3,4-5,6-7
large-string-128m-f4-rtt5-nocap,2,chunks,51d03f97fede341fb42c14bd46a9f1aaf416eeb1,c9dae66f6d752823acc72f7d399016d2a14201c6b848ea1aa610e910aaada751,1.5628906688652933,134217728,81.89952282006517,/mnt/local_nvme/i131/measurements/large-string-128m-f4-rtt5-nocap/r2-chunks,large-string,8,16777216,32768,[0],4,2,5.0,0,separate-keys,5.0437599420547485,5.063075106590986,,,,,,,,,,,4,511205376,0.0,181084520.0,1.5509161432273686,0.9923382192520104,0.97,0.6254367808574647,4,358154240,0.0,38068268.0,1.5509161432273686,0.9923382192520104,0.47,0.3030466876319674,,,,,,,,,,,ready,False,16,64,0.0,0-3,4-5,6-7
large-string-128m-f4-rtt5-nocap,2,main,25e159418603a95c1b2cca68173b329067e3ef48,a056e41003b0c833157fe89737448b6a7715d2c5ba63aa32ad1675b4d643fabc,1.8232160178013146,134217728,70.20561400856936,/mnt/local_nvme/i131/measurements/large-string-128m-f4-rtt5-nocap/r2-main,large-string,8,16777216,32768,[0],4,2,5.0,0,separate-keys,5.043799057602882,5.09524205699563,,,,,,,,,,,4,518840320,0.0,181100202.0,1.5511271408759058,0.8507643228949189,1.01,0.6511394026860128,4,371859456,0.0,54407242.0,1.5511271408759058,0.8507643228949189,0.42,0.2707708407209162,,,,,,,,,,,ready,False,16,64,0.0,0-3,4-5,6-7
large-string-128m-f4-rtt5-nocap,3,chunks,51d03f97fede341fb42c14bd46a9f1aaf416eeb1,c9dae66f6d752823acc72f7d399016d2a14201c6b848ea1aa610e910aaada751,1.6419617808423936,134217728,77.95552947300074,/mnt/local_nvme/i131/measurements/large-string-128m-f4-rtt5-nocap/r3-chunks,large-string,8,16777216,32768,[0],4,2,5.0,0,separate-keys,5.041937343776226,5.08303614333272,,,,,,,,,,,4,519671808,0.0,181084520.0,1.550654033664614,0.9443910642481976,1.0,0.6448891746901984,4,402862080,0.0,50343978.0,1.550654033664614,0.9443910642481976,0.49,0.3159956955981972,,,,,,,,,,,ready,False,16,64,0.0,0-3,4-5,6-7
large-string-128m-f4-rtt5-nocap,3,main,25e159418603a95c1b2cca68173b329067e3ef48,a056e41003b0c833157fe89737448b6a7715d2c5ba63aa32ad1675b4d643fabc,2.068391424138099,134217728,61.88383809091538,/mnt/local_nvme/i131/measurements/large-string-128m-f4-rtt5-nocap/r3-main,large-string,8,16777216,32768,[0],4,2,5.0,0,separate-keys,5.0428188405931,5.065300036221743,,,,,,,,,,,4,515919872,0.0,181108427.0,1.550735643133521,0.7497302614178621,0.96,0.619061027100763,4,373395456,0.0,67125304.0,1.550735643133521,0.7497302614178621,0.37,0.2385964375284191,,,,,,,,,,,ready,False,16,64,0.0,0-3,4-5,6-7
