name,kind,keys,connections,qps,avg_ms,p50_ms,p99_ms,p999_ms,p9999_ms,read_payload_kib
01-read-1024k/get-c640,GET,1000000000,640,939694.28,0.68062,0.535,3.695,5.855,10.815,1024
01-read-1024k/set-c640,SET,1000000000,640,725675.07,0.88146,0.559,6.911,10.623,14.143,1024
02-read-32k/get-c640,GET,1000000000,640,939807.06,0.68054,0.535,3.711,5.951,12.799,32
02-read-32k/set-c640,SET,1000000000,640,709827.5,0.90118,0.559,7.487,11.327,15.039,32
03-read-1024k/get-c640,GET,1000000000,640,941732.94,0.67917,0.543,3.711,5.823,10.559,1024
03-read-1024k/set-c640,SET,1000000000,640,724789.83,0.88254,0.559,7.007,11.263,19.071,1024
04-read-32k/get-c640,GET,1000000000,640,940701.6,0.67992,0.543,3.727,5.791,10.047,32
04-read-32k/set-c640,SET,1000000000,640,710871.33,0.89981,0.551,7.487,11.391,15.103,32
05-read-1024k/get-c640,GET,1000000000,640,939025.08,0.68112,0.543,3.695,5.663,10.815,1024
05-read-1024k/set-c640,SET,1000000000,640,730844.49,0.87521,0.567,6.847,10.623,14.143,1024
06-read-32k/get-c640,GET,1000000000,640,958245.24,0.66745,0.543,3.679,5.599,10.815,32
06-read-32k/set-c640,SET,1000000000,640,716680.75,0.89261,0.535,7.519,11.455,15.231,32
